source_folder,source_dir,source_path,original_filename,normalized_filename,page,item,content_hash,is_duplicate,duplicate_of,category,destination
1,D:\LX\tregecy\asset\pdf-素材\（提取图片）1（300g铜版纸,D:\LX\tregecy\asset\pdf-素材\（提取图片）1（300g铜版纸\第1页-1.PNG,第1页-1.PNG,第1页-1.PNG,1,1,9b30a5031720d842dcbac1dbfd360d2838c7a0ec14e2bc1736aefa0e223ec01d,false,,牌垫,牌垫\1_第1页-1.PNG
1,D:\LX\tregecy\asset\pdf-素材\（提取图片）1（300g铜版纸,D:\LX\tregecy\asset\pdf-素材\（提取图片）1（300g铜版纸\第2页-2.PNG,第2页-2.PNG,第2页-2.PNG,2,2,d83deb2c8d0e54ca7d3804d4bf86d06e4fd1ecb1877d756c8940fa23092133cd,false,,牌垫,牌垫\1_第2页-2.PNG
1,D:\LX\tregecy\asset\pdf-素材\（提取图片）1（300g铜版纸,D:\LX\tregecy\asset\pdf-素材\（提取图片）1（300g铜版纸\第3页-3.PNG,第3页-3.PNG,第3页-3.PNG,3,3,344816e50ff45e2ba3cdb13cf485f5a9d95ccfc6dcd5c1ad4a03e8fe68b8afa0,false,,牌垫,牌垫\1_第3页-3.PNG
1,D:\LX\tregecy\asset\pdf-素材\（提取图片）1（300g铜版纸,D:\LX\tregecy\asset\pdf-素材\（提取图片）1（300g铜版纸\第4页-4.PNG,第4页-4.PNG,第4页-4.PNG,4,4,18004fae09ce2e2318d3bfe1baed7f80c3a3d333c314d76141996c807ba8c00a,false,,牌垫,牌垫\1_第4页-4.PNG
4,D:\LX\tregecy\asset\pdf-素材\（提取图片）4（300g铜版纸,D:\LX\tregecy\asset\pdf-素材\（提取图片）4（300g铜版纸\第1页-1.PNG,第1页-1.PNG,第1页-1.PNG,1,1,920fd0b9626355a53e7441748503f69ba416365edbd82e446072b8e36884673b,false,,牌垫,牌垫\4_第1页-1.PNG
4,D:\LX\tregecy\asset\pdf-素材\（提取图片）4（300g铜版纸,D:\LX\tregecy\asset\pdf-素材\（提取图片）4（300g铜版纸\第1页-2.PNG,第1页-2.PNG,第1页-2.PNG,1,2,ca98dab0e4aff8e0494e3a73a187fa0e700311f96e64a6f1cea1c7c4c0fbbf22,false,,牌垫,牌垫\4_第1页-2.PNG
6,D:\LX\tregecy\asset\pdf-素材\（提取图片）6（300g铜版纸,D:\LX\tregecy\asset\pdf-素材\（提取图片）6（300g铜版纸\第10页-82(1).PNG,第10页-82(1).PNG,第10页-82.PNG,10,82,0812716924c99d17dd13317f131f3bfe0f0dec738f145f220d6a6a04be0d2d27,true,第10页-82.PNG,duplicates,duplicates\6_第10页-82.PNG
6,D:\LX\tregecy\asset\pdf-素材\（提取图片）6（300g铜版纸,D:\LX\tregecy\asset\pdf-素材\（提取图片）6（300g铜版纸\第10页-82.PNG,第10页-82.PNG,第10页-82.PNG,10,82,0812716924c99d17dd13317f131f3bfe0f0dec738f145f220d6a6a04be0d2d27,false,,公开信息表,公开信息表\6_第10页-82.PNG
6,D:\LX\tregecy\asset\pdf-素材\（提取图片）6（300g铜版纸,D:\LX\tregecy\asset\pdf-素材\（提取图片）6（300g铜版纸\第10页-83(1).PNG,第10页-83(1).PNG,第10页-83.PNG,10,83,140339a0de1cea01da6a1ac68da60eef446d444afeb07b4e4b3082aabb56fa6d,true,第10页-83.PNG,duplicates,duplicates\6_第10页-83.PNG
6,D:\LX\tregecy\asset\pdf-素材\（提取图片）6（300g铜版纸,D:\LX\tregecy\asset\pdf-素材\（提取图片）6（300g铜版纸\第10页-83.PNG,第10页-83.PNG,第10页-83.PNG,10,83,140339a0de1cea01da6a1ac68da60eef446d444afeb07b4e4b3082aabb56fa6d,false,,公开信息表,公开信息表\6_第10页-83.PNG
6,D:\LX\tregecy\asset\pdf-素材\（提取图片）6（300g铜版纸,D:\LX\tregecy\asset\pdf-素材\（提取图片）6（300g铜版纸\第10页-84(1).PNG,第10页-84(1).PNG,第10页-84.PNG,10,84,46ddd04480b4b3c320288b550633360336fd5ece2416a208672fe107bcb472fa,true,第10页-84.PNG,duplicates,duplicates\6_第10页-84.PNG
6,D:\LX\tregecy\asset\pdf-素材\（提取图片）6（300g铜版纸,D:\LX\tregecy\asset\pdf-素材\（提取图片）6（300g铜版纸\第10页-84.PNG,第10页-84.PNG,第10页-84.PNG,10,84,46ddd04480b4b3c320288b550633360336fd5ece2416a208672fe107bcb472fa,false,,公开信息表,公开信息表\6_第10页-84.PNG
6,D:\LX\tregecy\asset\pdf-素材\（提取图片）6（300g铜版纸,D:\LX\tregecy\asset\pdf-素材\（提取图片）6（300g铜版纸\第10页-85(1).PNG,第10页-85(1).PNG,第10页-85.PNG,10,85,b0d7d4847d188755c23cc73a392493f4b0274a492ce48c64c04bda99cf2fcb09,true,第10页-85.PNG,duplicates,duplicates\6_第10页-85.PNG
6,D:\LX\tregecy\asset\pdf-素材\（提取图片）6（300g铜版纸,D:\LX\tregecy\asset\pdf-素材\（提取图片）6（300g铜版纸\第10页-85.PNG,第10页-85.PNG,第10页-85.PNG,10,85,b0d7d4847d188755c23cc73a392493f4b0274a492ce48c64c04bda99cf2fcb09,false,,公开信息表,公开信息表\6_第10页-85.PNG
6,D:\LX\tregecy\asset\pdf-素材\（提取图片）6（300g铜版纸,D:\LX\tregecy\asset\pdf-素材\（提取图片）6（300g铜版纸\第10页-86(1).PNG,第10页-86(1).PNG,第10页-86.PNG,10,86,20c53bf9d4c390ba306906e7a9e2af3c9523a42cf38be4301fe62be64d04d930,true,第10页-86.PNG,duplicates,duplicates\6_第10页-86.PNG
6,D:\LX\tregecy\asset\pdf-素材\（提取图片）6（300g铜版纸,D:\LX\tregecy\asset\pdf-素材\（提取图片）6（300g铜版纸\第10页-86.PNG,第10页-86.PNG,第10页-86.PNG,10,86,20c53bf9d4c390ba306906e7a9e2af3c9523a42cf38be4301fe62be64d04d930,false,,公开信息表,公开信息表\6_第10页-86.PNG
6,D:\LX\tregecy\asset\pdf-素材\（提取图片）6（300g铜版纸,D:\LX\tregecy\asset\pdf-素材\（提取图片）6（300g铜版纸\第10页-87(1).PNG,第10页-87(1).PNG,第10页-87.PNG,10,87,1c13a6cb51a6a7ae34a1654e927d5265552fb9f39832bda69549f39ce607eddf,true,第10页-87.PNG,duplicates,duplicates\6_第10页-87.PNG
6,D:\LX\tregecy\asset\pdf-素材\（提取图片）6（300g铜版纸,D:\LX\tregecy\asset\pdf-素材\（提取图片）6（300g铜版纸\第10页-87.PNG,第10页-87.PNG,第10页-87.PNG,10,87,1c13a6cb51a6a7ae34a1654e927d5265552fb9f39832bda69549f39ce607eddf,false,,公开信息表,公开信息表\6_第10页-87.PNG
6,D:\LX\tregecy\asset\pdf-素材\（提取图片）6（300g铜版纸,D:\LX\tregecy\asset\pdf-素材\（提取图片）6（300g铜版纸\第10页-88(1).PNG,第10页-88(1).PNG,第10页-88.PNG,10,88,faa3ba0fcc7a75afaed6f4fcf2349e3d91bedf57c3904f72dfe2d95066c3ec84,true,第10页-88.PNG,duplicates,duplicates\6_第10页-88.PNG
6,D:\LX\tregecy\asset\pdf-素材\（提取图片）6（300g铜版纸,D:\LX\tregecy\asset\pdf-素材\（提取图片）6（300g铜版纸\第10页-88.PNG,第10页-88.PNG,第10页-88.PNG,10,88,faa3ba0fcc7a75afaed6f4fcf2349e3d91bedf57c3904f72dfe2d95066c3ec84,false,,公开信息表,公开信息表\6_第10页-88.PNG
6,D:\LX\tregecy\asset\pdf-素材\（提取图片）6（300g铜版纸,D:\LX\tregecy\asset\pdf-素材\（提取图片）6（300g铜版纸\第10页-89(1).PNG,第10页-89(1).PNG,第10页-89.PNG,10,89,e66c8c52a5e4bf2721dc5b6506143bab86c4602f1ca02edab3a23a6e51ebd868,true,第10页-89.PNG,duplicates,duplicates\6_第10页-89.PNG
6,D:\LX\tregecy\asset\pdf-素材\（提取图片）6（300g铜版纸,D:\LX\tregecy\asset\pdf-素材\（提取图片）6（300g铜版纸\第10页-89.PNG,第10页-89.PNG,第10页-89.PNG,10,89,e66c8c52a5e4bf2721dc5b6506143bab86c4602f1ca02edab3a23a6e51ebd868,false,,非公开信息表,非公开信息表\6_第10页-89.PNG
6,D:\LX\tregecy\asset\pdf-素材\（提取图片）6（300g铜版纸,D:\LX\tregecy\asset\pdf-素材\（提取图片）6（300g铜版纸\第10页-90(1).PNG,第10页-90(1).PNG,第10页-90.PNG,10,90,23a2f64c9bb0917130f4fe660809c5a31712188a3c52fc5269bdc0d6725b6832,true,第10页-90.PNG,duplicates,duplicates\6_第10页-90.PNG
6,D:\LX\tregecy\asset\pdf-素材\（提取图片）6（300g铜版纸,D:\LX\tregecy\asset\pdf-素材\（提取图片）6（300g铜版纸\第10页-90.PNG,第10页-90.PNG,第10页-90.PNG,10,90,23a2f64c9bb0917130f4fe660809c5a31712188a3c52fc5269bdc0d6725b6832,false,,非公开信息表,非公开信息表\6_第10页-90.PNG
6,D:\LX\tregecy\asset\pdf-素材\（提取图片）6（300g铜版纸,D:\LX\tregecy\asset\pdf-素材\（提取图片）6（300g铜版纸\第11页-91(1).PNG,第11页-91(1).PNG,第11页-91.PNG,11,91,bcba6e675fff7b281cb77c6e2fd66d6453da0b864ac17a3997ada7a74e349731,true,第11页-91.PNG,duplicates,duplicates\6_第11页-91.PNG
6,D:\LX\tregecy\asset\pdf-素材\（提取图片）6（300g铜版纸,D:\LX\tregecy\asset\pdf-素材\（提取图片）6（300g铜版纸\第11页-91.PNG,第11页-91.PNG,第11页-91.PNG,11,91,bcba6e675fff7b281cb77c6e2fd66d6453da0b864ac17a3997ada7a74e349731,false,,非公开信息表,非公开信息表\6_第11页-91.PNG
6,D:\LX\tregecy\asset\pdf-素材\（提取图片）6（300g铜版纸,D:\LX\tregecy\asset\pdf-素材\（提取图片）6（300g铜版纸\第11页-92(1).PNG,第11页-92(1).PNG,第11页-92.PNG,11,92,799a5dcba1dd6e20ab45537ee220f1cf947a1e492b210f0ee6010e5c5667241e,true,第11页-92.PNG,duplicates,duplicates\6_第11页-92.PNG
6,D:\LX\tregecy\asset\pdf-素材\（提取图片）6（300g铜版纸,D:\LX\tregecy\asset\pdf-素材\（提取图片）6（300g铜版纸\第11页-92.PNG,第11页-92.PNG,第11页-92.PNG,11,92,799a5dcba1dd6e20ab45537ee220f1cf947a1e492b210f0ee6010e5c5667241e,false,,非公开信息表,非公开信息表\6_第11页-92.PNG
6,D:\LX\tregecy\asset\pdf-素材\（提取图片）6（300g铜版纸,D:\LX\tregecy\asset\pdf-素材\（提取图片）6（300g铜版纸\第11页-93(1).PNG,第11页-93(1).PNG,第11页-93.PNG,11,93,848b9d14b1159e0718e090a494a59252d03be3edbb07630a141443c8919d2a90,true,第11页-93.PNG,duplicates,duplicates\6_第11页-93.PNG
6,D:\LX\tregecy\asset\pdf-素材\（提取图片）6（300g铜版纸,D:\LX\tregecy\asset\pdf-素材\（提取图片）6（300g铜版纸\第11页-93.PNG,第11页-93.PNG,第11页-93.PNG,11,93,848b9d14b1159e0718e090a494a59252d03be3edbb07630a141443c8919d2a90,false,,非公开信息表,非公开信息表\6_第11页-93.PNG
6,D:\LX\tregecy\asset\pdf-素材\（提取图片）6（300g铜版纸,D:\LX\tregecy\asset\pdf-素材\（提取图片）6（300g铜版纸\第11页-94(1).PNG,第11页-94(1).PNG,第11页-94.PNG,11,94,c4b1e0a5edf16e4ba54a27d325473e78a664047f896de9e75f679087108c7fe0,true,第11页-94.PNG,duplicates,duplicates\6_第11页-94.PNG
6,D:\LX\tregecy\asset\pdf-素材\（提取图片）6（300g铜版纸,D:\LX\tregecy\asset\pdf-素材\（提取图片）6（300g铜版纸\第11页-94.PNG,第11页-94.PNG,第11页-94.PNG,11,94,c4b1e0a5edf16e4ba54a27d325473e78a664047f896de9e75f679087108c7fe0,false,,非公开信息表,非公开信息表\6_第11页-94.PNG
6,D:\LX\tregecy\asset\pdf-素材\（提取图片）6（300g铜版纸,D:\LX\tregecy\asset\pdf-素材\（提取图片）6（300g铜版纸\第11页-95(1).PNG,第11页-95(1).PNG,第11页-95.PNG,11,95,42d1a23c77d73e24ad6a11f2382f2d653416dd836cfc34b51e2a98887c60516b,true,第11页-95.PNG,duplicates,duplicates\6_第11页-95.PNG
6,D:\LX\tregecy\asset\pdf-素材\（提取图片）6（300g铜版纸,D:\LX\tregecy\asset\pdf-素材\（提取图片）6（300g铜版纸\第11页-95.PNG,第11页-95.PNG,第11页-95.PNG,11,95,42d1a23c77d73e24ad6a11f2382f2d653416dd836cfc34b51e2a98887c60516b,false,,非公开信息表,非公开信息表\6_第11页-95.PNG
6,D:\LX\tregecy\asset\pdf-素材\（提取图片）6（300g铜版纸,D:\LX\tregecy\asset\pdf-素材\（提取图片）6（300g铜版纸\第11页-96(1).PNG,第11页-96(1).PNG,第11页-96.PNG,11,96,7bf47435d9eb80226a66c5cffe1dcf8aac0d9e2d39858fba748bd3b9478a3cb0,true,第11页-96.PNG,duplicates,duplicates\6_第11页-96.PNG
6,D:\LX\tregecy\asset\pdf-素材\（提取图片）6（300g铜版纸,D:\LX\tregecy\asset\pdf-素材\（提取图片）6（300g铜版纸\第11页-96.PNG,第11页-96.PNG,第11页-96.PNG,11,96,7bf47435d9eb80226a66c5cffe1dcf8aac0d9e2d39858fba748bd3b9478a3cb0,false,,非公开信息表,非公开信息表\6_第11页-96.PNG
6,D:\LX\tregecy\asset\pdf-素材\（提取图片）6（300g铜版纸,D:\LX\tregecy\asset\pdf-素材\（提取图片）6（300g铜版纸\第11页-97(1).PNG,第11页-97(1).PNG,第11页-97.PNG,11,97,9bd1326ae9cd510dcef99efa30b3bf788be15dfd66670af0f5e9120212b66256,true,第11页-97.PNG,duplicates,duplicates\6_第11页-97.PNG
6,D:\LX\tregecy\asset\pdf-素材\（提取图片）6（300g铜版纸,D:\LX\tregecy\asset\pdf-素材\（提取图片）6（300g铜版纸\第11页-97.PNG,第11页-97.PNG,第11页-97.PNG,11,97,9bd1326ae9cd510dcef99efa30b3bf788be15dfd66670af0f5e9120212b66256,false,,非公开信息表,非公开信息表\6_第11页-97.PNG
6,D:\LX\tregecy\asset\pdf-素材\（提取图片）6（300g铜版纸,D:\LX\tregecy\asset\pdf-素材\（提取图片）6（300g铜版纸\第11页-98(1).PNG,第11页-98(1).PNG,第11页-98.PNG,11,98,d68c81094a55a2ca42d2e854064116406d8f62e5733ca9895420e2c4f8ba7aa6,true,第11页-98.PNG,duplicates,duplicates\6_第11页-98.PNG
6,D:\LX\tregecy\asset\pdf-素材\（提取图片）6（300g铜版纸,D:\LX\tregecy\asset\pdf-素材\（提取图片）6（300g铜版纸\第11页-98.PNG,第11页-98.PNG,第11页-98.PNG,11,98,d68c81094a55a2ca42d2e854064116406d8f62e5733ca9895420e2c4f8ba7aa6,false,,非公开信息表,非公开信息表\6_第11页-98.PNG
6,D:\LX\tregecy\asset\pdf-素材\（提取图片）6（300g铜版纸,D:\LX\tregecy\asset\pdf-素材\（提取图片）6（300g铜版纸\第11页-99(1).PNG,第11页-99(1).PNG,第11页-99.PNG,11,99,c814c01e6cb3d75f01c6a22c38fbb32391081e514652b1be1a257fb6b8881119,true,第11页-99.PNG,duplicates,duplicates\6_第11页-99.PNG
6,D:\LX\tregecy\asset\pdf-素材\（提取图片）6（300g铜版纸,D:\LX\tregecy\asset\pdf-素材\（提取图片）6（300g铜版纸\第11页-99.PNG,第11页-99.PNG,第11页-99.PNG,11,99,c814c01e6cb3d75f01c6a22c38fbb32391081e514652b1be1a257fb6b8881119,false,,角色卡面,角色卡面\6_第11页-99.PNG
6,D:\LX\tregecy\asset\pdf-素材\（提取图片）6（300g铜版纸,D:\LX\tregecy\asset\pdf-素材\（提取图片）6（300g铜版纸\第12页-100(1).PNG,第12页-100(1).PNG,第12页-100.PNG,12,100,ebadaa9d0812872e9fe45b882594542b74d3ebdc316b8714c914193a9761b33e,true,第12页-100.PNG,duplicates,duplicates\6_第12页-100.PNG
6,D:\LX\tregecy\asset\pdf-素材\（提取图片）6（300g铜版纸,D:\LX\tregecy\asset\pdf-素材\（提取图片）6（300g铜版纸\第12页-100.PNG,第12页-100.PNG,第12页-100.PNG,12,100,ebadaa9d0812872e9fe45b882594542b74d3ebdc316b8714c914193a9761b33e,false,,角色卡面,角色卡面\6_第12页-100.PNG
6,D:\LX\tregecy\asset\pdf-素材\（提取图片）6（300g铜版纸,D:\LX\tregecy\asset\pdf-素材\（提取图片）6（300g铜版纸\第12页-101(1).PNG,第12页-101(1).PNG,第12页-101.PNG,12,101,db71a83209a2dd6db0bd6152380bcf189dc3a5cf3be6781116bbbb48dfbcb91b,true,第12页-101.PNG,duplicates,duplicates\6_第12页-101.PNG
6,D:\LX\tregecy\asset\pdf-素材\（提取图片）6（300g铜版纸,D:\LX\tregecy\asset\pdf-素材\（提取图片）6（300g铜版纸\第12页-101.PNG,第12页-101.PNG,第12页-101.PNG,12,101,db71a83209a2dd6db0bd6152380bcf189dc3a5cf3be6781116bbbb48dfbcb91b,false,,角色卡面,角色卡面\6_第12页-101.PNG
6,D:\LX\tregecy\asset\pdf-素材\（提取图片）6（300g铜版纸,D:\LX\tregecy\asset\pdf-素材\（提取图片）6（300g铜版纸\第12页-102(1).PNG,第12页-102(1).PNG,第12页-102.PNG,12,102,4b002b1a6750350e00ec4cbfbffe83cee3e7461d403e983a95eb35df89fab338,true,第12页-102.PNG,duplicates,duplicates\6_第12页-102.PNG
6,D:\LX\tregecy\asset\pdf-素材\（提取图片）6（300g铜版纸,D:\LX\tregecy\asset\pdf-素材\（提取图片）6（300g铜版纸\第12页-102.PNG,第12页-102.PNG,第12页-102.PNG,12,102,4b002b1a6750350e00ec4cbfbffe83cee3e7461d403e983a95eb35df89fab338,false,,角色卡面,角色卡面\6_第12页-102.PNG
6,D:\LX\tregecy\asset\pdf-素材\（提取图片）6（300g铜版纸,D:\LX\tregecy\asset\pdf-素材\（提取图片）6（300g铜版纸\第12页-103(1).PNG,第12页-103(1).PNG,第12页-103.PNG,12,103,41d357287d2248014efe3e366f5d2845a674a23dd4016bbf61874f0dca0611aa,true,第12页-103.PNG,duplicates,duplicates\6_第12页-103.PNG
6,D:\LX\tregecy\asset\pdf-素材\（提取图片）6（300g铜版纸,D:\LX\tregecy\asset\pdf-素材\（提取图片）6（300g铜版纸\第12页-103.PNG,第12页-103.PNG,第12页-103.PNG,12,103,41d357287d2248014efe3e366f5d2845a674a23dd4016bbf61874f0dca0611aa,false,,角色卡面,角色卡面\6_第12页-103.PNG
6,D:\LX\tregecy\asset\pdf-素材\（提取图片）6（300g铜版纸,D:\LX\tregecy\asset\pdf-素材\（提取图片）6（300g铜版纸\第12页-104(1).PNG,第12页-104(1).PNG,第12页-104.PNG,12,104,4303ff261c91fb84e93246db396554178432bc9bd38029d77c03df5209bdf764,true,第12页-104.PNG,duplicates,duplicates\6_第12页-104.PNG
6,D:\LX\tregecy\asset\pdf-素材\（提取图片）6（300g铜版纸,D:\LX\tregecy\asset\pdf-素材\（提取图片）6（300g铜版纸\第12页-104.PNG,第12页-104.PNG,第12页-104.PNG,12,104,4303ff261c91fb84e93246db396554178432bc9bd38029d77c03df5209bdf764,false,,角色卡面,角色卡面\6_第12页-104.PNG
6,D:\LX\tregecy\asset\pdf-素材\（提取图片）6（300g铜版纸,D:\LX\tregecy\asset\pdf-素材\（提取图片）6（300g铜版纸\第12页-105(1).PNG,第12页-105(1).PNG,第12页-105.PNG,12,105,540e1634008a4a39230dafeddff03940689e07e9d7f518e40523061f80831de7,true,第12页-105.PNG,duplicates,duplicates\6_第12页-105.PNG
6,D:\LX\tregecy\asset\pdf-素材\（提取图片）6（300g铜版纸,D:\LX\tregecy\asset\pdf-素材\（提取图片）6（300g铜版纸\第12页-105.PNG,第12页-105.PNG,第12页-105.PNG,12,105,540e1634008a4a39230dafeddff03940689e07e9d7f518e40523061f80831de7,false,,角色卡面,角色卡面\6_第12页-105.PNG
6,D:\LX\tregecy\asset\pdf-素材\（提取图片）6（300g铜版纸,D:\LX\tregecy\asset\pdf-素材\（提取图片）6（300g铜版纸\第12页-106(1).PNG,第12页-106(1).PNG,第12页-106.PNG,12,106,155e23cafcded0e2794ae8b5ae21f762515f5479e6164af5c021e4360eff374e,true,第12页-106.PNG,duplicates,duplicates\6_第12页-106.PNG
6,D:\LX\tregecy\asset\pdf-素材\（提取图片）6（300g铜版纸,D:\LX\tregecy\asset\pdf-素材\（提取图片）6（300g铜版纸\第12页-106.PNG,第12页-106.PNG,第12页-106.PNG,12,106,155e23cafcded0e2794ae8b5ae21f762515f5479e6164af5c021e4360eff374e,false,,角色卡面,角色卡面\6_第12页-106.PNG
6,D:\LX\tregecy\asset\pdf-素材\（提取图片）6（300g铜版纸,D:\LX\tregecy\asset\pdf-素材\（提取图片）6（300g铜版纸\第12页-107(1).PNG,第12页-107(1).PNG,第12页-107.PNG,12,107,7bac2a9b4bb105ea36976879e83ba63771441fb2bc45e06a66cc4d90f6ac9bba,true,第12页-107.PNG,duplicates,duplicates\6_第12页-107.PNG
6,D:\LX\tregecy\asset\pdf-素材\（提取图片）6（300g铜版纸,D:\LX\tregecy\asset\pdf-素材\（提取图片）6（300g铜版纸\第12页-107.PNG,第12页-107.PNG,第12页-107.PNG,12,107,7bac2a9b4bb105ea36976879e83ba63771441fb2bc45e06a66cc4d90f6ac9bba,false,,角色卡面,角色卡面\6_第12页-107.PNG
6,D:\LX\tregecy\asset\pdf-素材\（提取图片）6（300g铜版纸,D:\LX\tregecy\asset\pdf-素材\（提取图片）6（300g铜版纸\第12页-108(1).PNG,第12页-108(1).PNG,第12页-108.PNG,12,108,a01bf0a21f62dca5e74bc7900b02f0292a79c4360150de099ea41a6e83275c9b,true,第12页-108.PNG,duplicates,duplicates\6_第12页-108.PNG
6,D:\LX\tregecy\asset\pdf-素材\（提取图片）6（300g铜版纸,D:\LX\tregecy\asset\pdf-素材\（提取图片）6（300g铜版纸\第12页-108.PNG,第12页-108.PNG,第12页-108.PNG,12,108,a01bf0a21f62dca5e74bc7900b02f0292a79c4360150de099ea41a6e83275c9b,false,,角色卡面,角色卡面\6_第12页-108.PNG
6,D:\LX\tregecy\asset\pdf-素材\（提取图片）6（300g铜版纸,D:\LX\tregecy\asset\pdf-素材\（提取图片）6（300g铜版纸\第13页-109(1).PNG,第13页-109(1).PNG,第13页-109.PNG,13,109,db904d075c8414e332cb088f1970dc480678ac757caccaacfa18e230ed3a0f82,true,第13页-109.PNG,duplicates,duplicates\6_第13页-109.PNG
6,D:\LX\tregecy\asset\pdf-素材\（提取图片）6（300g铜版纸,D:\LX\tregecy\asset\pdf-素材\（提取图片）6（300g铜版纸\第13页-109.PNG,第13页-109.PNG,第13页-109.PNG,13,109,db904d075c8414e332cb088f1970dc480678ac757caccaacfa18e230ed3a0f82,false,,角色卡面,角色卡面\6_第13页-109.PNG
6,D:\LX\tregecy\asset\pdf-素材\（提取图片）6（300g铜版纸,D:\LX\tregecy\asset\pdf-素材\（提取图片）6（300g铜版纸\第13页-110(1).PNG,第13页-110(1).PNG,第13页-110.PNG,13,110,968cc56196b011cb0ecf82371672e9794d9b0f4897d9d7204e2d4327b6beaadd,true,第13页-110.PNG,duplicates,duplicates\6_第13页-110.PNG
6,D:\LX\tregecy\asset\pdf-素材\（提取图片）6（300g铜版纸,D:\LX\tregecy\asset\pdf-素材\（提取图片）6（300g铜版纸\第13页-110.PNG,第13页-110.PNG,第13页-110.PNG,13,110,968cc56196b011cb0ecf82371672e9794d9b0f4897d9d7204e2d4327b6beaadd,false,,角色卡面,角色卡面\6_第13页-110.PNG
6,D:\LX\tregecy\asset\pdf-素材\（提取图片）6（300g铜版纸,D:\LX\tregecy\asset\pdf-素材\（提取图片）6（300g铜版纸\第13页-111(1).PNG,第13页-111(1).PNG,第13页-111.PNG,13,111,bfd42bd822781ed625b93c5256b23d982104f497d484aee62e70f887d12c7731,true,第13页-111.PNG,duplicates,duplicates\6_第13页-111.PNG
6,D:\LX\tregecy\asset\pdf-素材\（提取图片）6（300g铜版纸,D:\LX\tregecy\asset\pdf-素材\（提取图片）6（300g铜版纸\第13页-111.PNG,第13页-111.PNG,第13页-111.PNG,13,111,bfd42bd822781ed625b93c5256b23d982104f497d484aee62e70f887d12c7731,false,,角色卡面,角色卡面\6_第13页-111.PNG
6,D:\LX\tregecy\asset\pdf-素材\（提取图片）6（300g铜版纸,D:\LX\tregecy\asset\pdf-素材\（提取图片）6（300g铜版纸\第13页-112(1).PNG,第13页-112(1).PNG,第13页-112.PNG,13,112,794937b975b5aaf2f4665e139a06657ac54d2f241440a5604491d14d9793b13e,true,第13页-112.PNG,duplicates,duplicates\6_第13页-112.PNG
6,D:\LX\tregecy\asset\pdf-素材\（提取图片）6（300g铜版纸,D:\LX\tregecy\asset\pdf-素材\（提取图片）6（300g铜版纸\第13页-112.PNG,第13页-112.PNG,第13页-112.PNG,13,112,794937b975b5aaf2f4665e139a06657ac54d2f241440a5604491d14d9793b13e,false,,角色卡面,角色卡面\6_第13页-112.PNG
6,D:\LX\tregecy\asset\pdf-素材\（提取图片）6（300g铜版纸,D:\LX\tregecy\asset\pdf-素材\（提取图片）6（300g铜版纸\第13页-113(1).PNG,第13页-113(1).PNG,第13页-113.PNG,13,113,564d172bd00f56036a23e0c9d4e4ad2dcaae33b5305c239f31ba57055c72825f,true,第13页-113.PNG,duplicates,duplicates\6_第13页-113.PNG
6,D:\LX\tregecy\asset\pdf-素材\（提取图片）6（300g铜版纸,D:\LX\tregecy\asset\pdf-素材\（提取图片）6（300g铜版纸\第13页-113.PNG,第13页-113.PNG,第13页-113.PNG,13,113,564d172bd00f56036a23e0c9d4e4ad2dcaae33b5305c239f31ba57055c72825f,false,,角色卡面,角色卡面\6_第13页-113.PNG
6,D:\LX\tregecy\asset\pdf-素材\（提取图片）6（300g铜版纸,D:\LX\tregecy\asset\pdf-素材\（提取图片）6（300g铜版纸\第13页-114(1).PNG,第13页-114(1).PNG,第13页-114.PNG,13,114,87ab0b938c4ea249858b2e308ebc38d52395efb94bdaf8c5bda3a94780006dd9,true,第13页-114.PNG,duplicates,duplicates\6_第13页-114.PNG
6,D:\LX\tregecy\asset\pdf-素材\（提取图片）6（300g铜版纸,D:\LX\tregecy\asset\pdf-素材\（提取图片）6（300g铜版纸\第13页-114.PNG,第13页-114.PNG,第13页-114.PNG,13,114,87ab0b938c4ea249858b2e308ebc38d52395efb94bdaf8c5bda3a94780006dd9,false,,角色卡面,角色卡面\6_第13页-114.PNG
6,D:\LX\tregecy\asset\pdf-素材\（提取图片）6（300g铜版纸,D:\LX\tregecy\asset\pdf-素材\（提取图片）6（300g铜版纸\第13页-115(1).PNG,第13页-115(1).PNG,第13页-115.PNG,13,115,8579bd475611d35b90fb192e519a9118098f5f81a14bfbd373e76b4fec6cc023,true,第13页-115.PNG,duplicates,duplicates\6_第13页-115.PNG
6,D:\LX\tregecy\asset\pdf-素材\（提取图片）6（300g铜版纸,D:\LX\tregecy\asset\pdf-素材\（提取图片）6（300g铜版纸\第13页-115.PNG,第13页-115.PNG,第13页-115.PNG,13,115,8579bd475611d35b90fb192e519a9118098f5f81a14bfbd373e76b4fec6cc023,false,,角色卡面,角色卡面\6_第13页-115.PNG
6,D:\LX\tregecy\asset\pdf-素材\（提取图片）6（300g铜版纸,D:\LX\tregecy\asset\pdf-素材\（提取图片）6（300g铜版纸\第13页-116(1).PNG,第13页-116(1).PNG,第13页-116.PNG,13,116,62f1c213415a521c6cf321b7130fae63c1e443d632005487992d15712024247f,true,第13页-116.PNG,duplicates,duplicates\6_第13页-116.PNG
6,D:\LX\tregecy\asset\pdf-素材\（提取图片）6（300g铜版纸,D:\LX\tregecy\asset\pdf-素材\（提取图片）6（300g铜版纸\第13页-116.PNG,第13页-116.PNG,第13页-116.PNG,13,116,62f1c213415a521c6cf321b7130fae63c1e443d632005487992d15712024247f,false,,角色卡面,角色卡面\6_第13页-116.PNG
6,D:\LX\tregecy\asset\pdf-素材\（提取图片）6（300g铜版纸,D:\LX\tregecy\asset\pdf-素材\（提取图片）6（300g铜版纸\第13页-117(1).PNG,第13页-117(1).PNG,第13页-117.PNG,13,117,16170fc0965072defe3070a308614e884e071e0c829cd952ec35319dee59136c,true,第13页-117.PNG,duplicates,duplicates\6_第13页-117.PNG
6,D:\LX\tregecy\asset\pdf-素材\（提取图片）6（300g铜版纸,D:\LX\tregecy\asset\pdf-素材\（提取图片）6（300g铜版纸\第13页-117.PNG,第13页-117.PNG,第13页-117.PNG,13,117,16170fc0965072defe3070a308614e884e071e0c829cd952ec35319dee59136c,false,,角色卡面,角色卡面\6_第13页-117.PNG
6,D:\LX\tregecy\asset\pdf-素材\（提取图片）6（300g铜版纸,D:\LX\tregecy\asset\pdf-素材\（提取图片）6（300g铜版纸\第14页-118(1).PNG,第14页-118(1).PNG,第14页-118.PNG,14,118,dce7571d13e7db269b132675b64b7227ab4f26c96761707ce1ddbde5835e4d89,true,第14页-118.PNG,duplicates,duplicates\6_第14页-118.PNG
6,D:\LX\tregecy\asset\pdf-素材\（提取图片）6（300g铜版纸,D:\LX\tregecy\asset\pdf-素材\（提取图片）6（300g铜版纸\第14页-118.PNG,第14页-118.PNG,第14页-118.PNG,14,118,dce7571d13e7db269b132675b64b7227ab4f26c96761707ce1ddbde5835e4d89,false,,角色卡面,角色卡面\6_第14页-118.PNG
6,D:\LX\tregecy\asset\pdf-素材\（提取图片）6（300g铜版纸,D:\LX\tregecy\asset\pdf-素材\（提取图片）6（300g铜版纸\第14页-119(1).PNG,第14页-119(1).PNG,第14页-119.PNG,14,119,9ac9573a18f3d1d871a0c9148c9a61bcf9e8f8c87fcdbdae1982b42da816288a,true,第14页-119.PNG,duplicates,duplicates\6_第14页-119.PNG
6,D:\LX\tregecy\asset\pdf-素材\（提取图片）6（300g铜版纸,D:\LX\tregecy\asset\pdf-素材\（提取图片）6（300g铜版纸\第14页-119.PNG,第14页-119.PNG,第14页-119.PNG,14,119,9ac9573a18f3d1d871a0c9148c9a61bcf9e8f8c87fcdbdae1982b42da816288a,false,,角色卡面,角色卡面\6_第14页-119.PNG
6,D:\LX\tregecy\asset\pdf-素材\（提取图片）6（300g铜版纸,D:\LX\tregecy\asset\pdf-素材\（提取图片）6（300g铜版纸\第14页-120(1).PNG,第14页-120(1).PNG,第14页-120.PNG,14,120,8472617444d667c4a291d75f7774f2e0011ec0ff81ae0a09c9543b2883d6a50a,true,第14页-120.PNG,duplicates,duplicates\6_第14页-120.PNG
6,D:\LX\tregecy\asset\pdf-素材\（提取图片）6（300g铜版纸,D:\LX\tregecy\asset\pdf-素材\（提取图片）6（300g铜版纸\第14页-120.PNG,第14页-120.PNG,第14页-120.PNG,14,120,8472617444d667c4a291d75f7774f2e0011ec0ff81ae0a09c9543b2883d6a50a,false,,角色卡面,角色卡面\6_第14页-120.PNG
6,D:\LX\tregecy\asset\pdf-素材\（提取图片）6（300g铜版纸,D:\LX\tregecy\asset\pdf-素材\（提取图片）6（300g铜版纸\第14页-121(1).PNG,第14页-121(1).PNG,第14页-121.PNG,14,121,bad148e17f8648eec36d512223419e0a5dc01a2fa623d48dcd38005b71f2452f,true,第14页-121.PNG,duplicates,duplicates\6_第14页-121.PNG
6,D:\LX\tregecy\asset\pdf-素材\（提取图片）6（300g铜版纸,D:\LX\tregecy\asset\pdf-素材\（提取图片）6（300g铜版纸\第14页-121.PNG,第14页-121.PNG,第14页-121.PNG,14,121,bad148e17f8648eec36d512223419e0a5dc01a2fa623d48dcd38005b71f2452f,false,,角色卡面,角色卡面\6_第14页-121.PNG
6,D:\LX\tregecy\asset\pdf-素材\（提取图片）6（300g铜版纸,D:\LX\tregecy\asset\pdf-素材\（提取图片）6（300g铜版纸\第14页-122(1).PNG,第14页-122(1).PNG,第14页-122.PNG,14,122,3611905ba7ad498920cd5c4b1ae31b435360294293646d9e86e27787a2667aee,true,第14页-122.PNG,duplicates,duplicates\6_第14页-122.PNG
6,D:\LX\tregecy\asset\pdf-素材\（提取图片）6（300g铜版纸,D:\LX\tregecy\asset\pdf-素材\（提取图片）6（300g铜版纸\第14页-122.PNG,第14页-122.PNG,第14页-122.PNG,14,122,3611905ba7ad498920cd5c4b1ae31b435360294293646d9e86e27787a2667aee,false,,角色卡面,角色卡面\6_第14页-122.PNG
6,D:\LX\tregecy\asset\pdf-素材\（提取图片）6（300g铜版纸,D:\LX\tregecy\asset\pdf-素材\（提取图片）6（300g铜版纸\第14页-123(1).PNG,第14页-123(1).PNG,第14页-123.PNG,14,123,00915cce51c2030a5ca793ee70f4846cd10247a2810766d8f5e545c2c35a9214,true,第14页-123.PNG,duplicates,duplicates\6_第14页-123.PNG
6,D:\LX\tregecy\asset\pdf-素材\（提取图片）6（300g铜版纸,D:\LX\tregecy\asset\pdf-素材\（提取图片）6（300g铜版纸\第14页-123.PNG,第14页-123.PNG,第14页-123.PNG,14,123,00915cce51c2030a5ca793ee70f4846cd10247a2810766d8f5e545c2c35a9214,false,,角色卡面,角色卡面\6_第14页-123.PNG
6,D:\LX\tregecy\asset\pdf-素材\（提取图片）6（300g铜版纸,D:\LX\tregecy\asset\pdf-素材\（提取图片）6（300g铜版纸\第14页-124(1).PNG,第14页-124(1).PNG,第14页-124.PNG,14,124,1003f6baa0429bf30c18a7fc5626e3e8b5f0694c05cf0034477a1b6576adebab,true,第14页-124.PNG,duplicates,duplicates\6_第14页-124.PNG
6,D:\LX\tregecy\asset\pdf-素材\（提取图片）6（300g铜版纸,D:\LX\tregecy\asset\pdf-素材\（提取图片）6（300g铜版纸\第14页-124.PNG,第14页-124.PNG,第14页-124.PNG,14,124,1003f6baa0429bf30c18a7fc5626e3e8b5f0694c05cf0034477a1b6576adebab,false,,角色卡面,角色卡面\6_第14页-124.PNG
6,D:\LX\tregecy\asset\pdf-素材\（提取图片）6（300g铜版纸,D:\LX\tregecy\asset\pdf-素材\（提取图片）6（300g铜版纸\第14页-125(1).PNG,第14页-125(1).PNG,第14页-125.PNG,14,125,a5d06b2d4e0bababea839ca4e51846638335d73aa61623e229ef4d8650d23094,true,第14页-125.PNG,duplicates,duplicates\6_第14页-125.PNG
6,D:\LX\tregecy\asset\pdf-素材\（提取图片）6（300g铜版纸,D:\LX\tregecy\asset\pdf-素材\（提取图片）6（300g铜版纸\第14页-125.PNG,第14页-125.PNG,第14页-125.PNG,14,125,a5d06b2d4e0bababea839ca4e51846638335d73aa61623e229ef4d8650d23094,false,,角色卡面,角色卡面\6_第14页-125.PNG
6,D:\LX\tregecy\asset\pdf-素材\（提取图片）6（300g铜版纸,D:\LX\tregecy\asset\pdf-素材\（提取图片）6（300g铜版纸\第14页-126(1).PNG,第14页-126(1).PNG,第14页-126.PNG,14,126,65e689d43dd0ad039858e261771b04c171972eb9ac24e347460371b08f1b5b0a,true,第14页-126.PNG,duplicates,duplicates\6_第14页-126.PNG
6,D:\LX\tregecy\asset\pdf-素材\（提取图片）6（300g铜版纸,D:\LX\tregecy\asset\pdf-素材\（提取图片）6（300g铜版纸\第14页-126.PNG,第14页-126.PNG,第14页-126.PNG,14,126,65e689d43dd0ad039858e261771b04c171972eb9ac24e347460371b08f1b5b0a,false,,角色卡面,角色卡面\6_第14页-126.PNG
6,D:\LX\tregecy\asset\pdf-素材\（提取图片）6（300g铜版纸,D:\LX\tregecy\asset\pdf-素材\（提取图片）6（300g铜版纸\第15页-127(1).PNG,第15页-127(1).PNG,第15页-127.PNG,15,127,40d0987c738e7b426bec7a36724e646604c25c94e4a542caa3590b8831e072ec,true,第15页-127.PNG,duplicates,duplicates\6_第15页-127.PNG
6,D:\LX\tregecy\asset\pdf-素材\（提取图片）6（300g铜版纸,D:\LX\tregecy\asset\pdf-素材\（提取图片）6（300g铜版纸\第15页-127.PNG,第15页-127.PNG,第15页-127.PNG,15,127,40d0987c738e7b426bec7a36724e646604c25c94e4a542caa3590b8831e072ec,false,,角色卡面,角色卡面\6_第15页-127.PNG
6,D:\LX\tregecy\asset\pdf-素材\（提取图片）6（300g铜版纸,D:\LX\tregecy\asset\pdf-素材\（提取图片）6（300g铜版纸\第15页-128(1).PNG,第15页-128(1).PNG,第15页-128.PNG,15,128,2d41a99228c5123e06bc7e8bd3f258e45a6421727420e6b769a937da83d26bb3,true,第15页-128.PNG,duplicates,duplicates\6_第15页-128.PNG
6,D:\LX\tregecy\asset\pdf-素材\（提取图片）6（300g铜版纸,D:\LX\tregecy\asset\pdf-素材\（提取图片）6（300g铜版纸\第15页-128.PNG,第15页-128.PNG,第15页-128.PNG,15,128,2d41a99228c5123e06bc7e8bd3f258e45a6421727420e6b769a937da83d26bb3,false,,角色卡面,角色卡面\6_第15页-128.PNG
6,D:\LX\tregecy\asset\pdf-素材\（提取图片）6（300g铜版纸,D:\LX\tregecy\asset\pdf-素材\（提取图片）6（300g铜版纸\第15页-129(1).PNG,第15页-129(1).PNG,第15页-129.PNG,15,129,784b242c9b3ff43556946e2eca12333afdc11a1224a083d47ba38c0a8d1ccd67,true,第15页-129.PNG,duplicates,duplicates\6_第15页-129.PNG
6,D:\LX\tregecy\asset\pdf-素材\（提取图片）6（300g铜版纸,D:\LX\tregecy\asset\pdf-素材\（提取图片）6（300g铜版纸\第15页-129.PNG,第15页-129.PNG,第15页-129.PNG,15,129,784b242c9b3ff43556946e2eca12333afdc11a1224a083d47ba38c0a8d1ccd67,false,,角色卡面,角色卡面\6_第15页-129.PNG
6,D:\LX\tregecy\asset\pdf-素材\（提取图片）6（300g铜版纸,D:\LX\tregecy\asset\pdf-素材\（提取图片）6（300g铜版纸\第1页-1(1).PNG,第1页-1(1).PNG,第1页-1.PNG,1,1,3157f9fc42d80ba4fbdc20e36270f218d122f662df36d3e619b3f449ad7a9d15,true,第1页-1.PNG,duplicates,duplicates\6_第1页-1.PNG
6,D:\LX\tregecy\asset\pdf-素材\（提取图片）6（300g铜版纸,D:\LX\tregecy\asset\pdf-素材\（提取图片）6（300g铜版纸\第1页-1.PNG,第1页-1.PNG,第1页-1.PNG,1,1,3157f9fc42d80ba4fbdc20e36270f218d122f662df36d3e619b3f449ad7a9d15,false,,行动卡面,行动卡面\6_第1页-1.PNG
6,D:\LX\tregecy\asset\pdf-素材\（提取图片）6（300g铜版纸,D:\LX\tregecy\asset\pdf-素材\（提取图片）6（300g铜版纸\第1页-2(1).PNG,第1页-2(1).PNG,第1页-2.PNG,1,2,322e1415e70d27e19fd55032f9d0115df6396bffe18fd93467bec38244ae9cb2,true,第1页-2.PNG,duplicates,duplicates\6_第1页-2.PNG
6,D:\LX\tregecy\asset\pdf-素材\（提取图片）6（300g铜版纸,D:\LX\tregecy\asset\pdf-素材\（提取图片）6（300g铜版纸\第1页-2.PNG,第1页-2.PNG,第1页-2.PNG,1,2,322e1415e70d27e19fd55032f9d0115df6396bffe18fd93467bec38244ae9cb2,false,,行动卡面,行动卡面\6_第1页-2.PNG
6,D:\LX\tregecy\asset\pdf-素材\（提取图片）6（300g铜版纸,D:\LX\tregecy\asset\pdf-素材\（提取图片）6（300g铜版纸\第1页-3(1).PNG,第1页-3(1).PNG,第1页-3.PNG,1,3,51862377d8cb70d9f0ae0de3700cbcd986aedd3c87f8fda4db7ec3b7c28627a6,true,第1页-3.PNG,duplicates,duplicates\6_第1页-3.PNG
6,D:\LX\tregecy\asset\pdf-素材\（提取图片）6（300g铜版纸,D:\LX\tregecy\asset\pdf-素材\（提取图片）6（300g铜版纸\第1页-3.PNG,第1页-3.PNG,第1页-3.PNG,1,3,51862377d8cb70d9f0ae0de3700cbcd986aedd3c87f8fda4db7ec3b7c28627a6,false,,行动卡面,行动卡面\6_第1页-3.PNG
6,D:\LX\tregecy\asset\pdf-素材\（提取图片）6（300g铜版纸,D:\LX\tregecy\asset\pdf-素材\（提取图片）6（300g铜版纸\第1页-4(1).PNG,第1页-4(1).PNG,第1页-4.PNG,1,4,6a0b87f101adf12880fb3441f6cada171a0efecf7a47277469672f063ab6cca3,true,第1页-4.PNG,duplicates,duplicates\6_第1页-4.PNG
6,D:\LX\tregecy\asset\pdf-素材\（提取图片）6（300g铜版纸,D:\LX\tregecy\asset\pdf-素材\（提取图片）6（300g铜版纸\第1页-4.PNG,第1页-4.PNG,第1页-4.PNG,1,4,6a0b87f101adf12880fb3441f6cada171a0efecf7a47277469672f063ab6cca3,false,,行动卡面,行动卡面\6_第1页-4.PNG
6,D:\LX\tregecy\asset\pdf-素材\（提取图片）6（300g铜版纸,D:\LX\tregecy\asset\pdf-素材\（提取图片）6（300g铜版纸\第1页-5(1).PNG,第1页-5(1).PNG,第1页-5.PNG,1,5,730ae4cf8439ebf81bf55c67b3621568734f88a683765c6d44c7f26bc9a5a815,true,第1页-5.PNG,duplicates,duplicates\6_第1页-5.PNG
6,D:\LX\tregecy\asset\pdf-素材\（提取图片）6（300g铜版纸,D:\LX\tregecy\asset\pdf-素材\（提取图片）6（300g铜版纸\第1页-5.PNG,第1页-5.PNG,第1页-5.PNG,1,5,730ae4cf8439ebf81bf55c67b3621568734f88a683765c6d44c7f26bc9a5a815,false,,行动卡面,行动卡面\6_第1页-5.PNG
6,D:\LX\tregecy\asset\pdf-素材\（提取图片）6（300g铜版纸,D:\LX\tregecy\asset\pdf-素材\（提取图片）6（300g铜版纸\第1页-6(1).PNG,第1页-6(1).PNG,第1页-6.PNG,1,6,e0779e84dcd8a4add30277fcf563d3a8af0a9d78c348e4333c244711002b1790,true,第1页-6.PNG,duplicates,duplicates\6_第1页-6.PNG
6,D:\LX\tregecy\asset\pdf-素材\（提取图片）6（300g铜版纸,D:\LX\tregecy\asset\pdf-素材\（提取图片）6（300g铜版纸\第1页-6.PNG,第1页-6.PNG,第1页-6.PNG,1,6,e0779e84dcd8a4add30277fcf563d3a8af0a9d78c348e4333c244711002b1790,false,,行动卡面,行动卡面\6_第1页-6.PNG
6,D:\LX\tregecy\asset\pdf-素材\（提取图片）6（300g铜版纸,D:\LX\tregecy\asset\pdf-素材\（提取图片）6（300g铜版纸\第1页-7(1).PNG,第1页-7(1).PNG,第1页-7.PNG,1,7,a7fa0c9e2f55a012a097db9dc95ec151ce92d9b874e48ffdd952a584e3497827,true,第1页-7.PNG,duplicates,duplicates\6_第1页-7.PNG
6,D:\LX\tregecy\asset\pdf-素材\（提取图片）6（300g铜版纸,D:\LX\tregecy\asset\pdf-素材\（提取图片）6（300g铜版纸\第1页-7.PNG,第1页-7.PNG,第1页-7.PNG,1,7,a7fa0c9e2f55a012a097db9dc95ec151ce92d9b874e48ffdd952a584e3497827,false,,行动卡面,行动卡面\6_第1页-7.PNG
6,D:\LX\tregecy\asset\pdf-素材\（提取图片）6（300g铜版纸,D:\LX\tregecy\asset\pdf-素材\（提取图片）6（300g铜版纸\第1页-8(1).PNG,第1页-8(1).PNG,第1页-8.PNG,1,8,4322b056cb798eb4f97301a4fb70335bc1845e5254183c6336147053e8f588e1,true,第1页-8.PNG,duplicates,duplicates\6_第1页-8.PNG
6,D:\LX\tregecy\asset\pdf-素材\（提取图片）6（300g铜版纸,D:\LX\tregecy\asset\pdf-素材\（提取图片）6（300g铜版纸\第1页-8.PNG,第1页-8.PNG,第1页-8.PNG,1,8,4322b056cb798eb4f97301a4fb70335bc1845e5254183c6336147053e8f588e1,false,,行动卡面,行动卡面\6_第1页-8.PNG
6,D:\LX\tregecy\asset\pdf-素材\（提取图片）6（300g铜版纸,D:\LX\tregecy\asset\pdf-素材\（提取图片）6（300g铜版纸\第1页-9(1).PNG,第1页-9(1).PNG,第1页-9.PNG,1,9,54197665047bde466f59fbf77ccd1ed2a5bc68c8210ba89f310ae7de61d56446,true,第1页-9.PNG,duplicates,duplicates\6_第1页-9.PNG
6,D:\LX\tregecy\asset\pdf-素材\（提取图片）6（300g铜版纸,D:\LX\tregecy\asset\pdf-素材\（提取图片）6（300g铜版纸\第1页-9.PNG,第1页-9.PNG,第1页-9.PNG,1,9,54197665047bde466f59fbf77ccd1ed2a5bc68c8210ba89f310ae7de61d56446,false,,行动卡面,行动卡面\6_第1页-9.PNG
6,D:\LX\tregecy\asset\pdf-素材\（提取图片）6（300g铜版纸,D:\LX\tregecy\asset\pdf-素材\（提取图片）6（300g铜版纸\第2页-10(1).PNG,第2页-10(1).PNG,第2页-10.PNG,2,10,84078e7f0cc4d394e61797161de781d0e05bceb2684f455025e726bc388cda54,true,第2页-10.PNG,duplicates,duplicates\6_第2页-10.PNG
6,D:\LX\tregecy\asset\pdf-素材\（提取图片）6（300g铜版纸,D:\LX\tregecy\asset\pdf-素材\（提取图片）6（300g铜版纸\第2页-10.PNG,第2页-10.PNG,第2页-10.PNG,2,10,84078e7f0cc4d394e61797161de781d0e05bceb2684f455025e726bc388cda54,false,,行动卡面,行动卡面\6_第2页-10.PNG
6,D:\LX\tregecy\asset\pdf-素材\（提取图片）6（300g铜版纸,D:\LX\tregecy\asset\pdf-素材\（提取图片）6（300g铜版纸\第2页-11(1).PNG,第2页-11(1).PNG,第2页-11.PNG,2,11,4ed51d9fd1856780f554a27b926d05fa1ea6c814ac4a50a33ee15c6e618240ac,true,第2页-11.PNG,duplicates,duplicates\6_第2页-11.PNG
6,D:\LX\tregecy\asset\pdf-素材\（提取图片）6（300g铜版纸,D:\LX\tregecy\asset\pdf-素材\（提取图片）6（300g铜版纸\第2页-11.PNG,第2页-11.PNG,第2页-11.PNG,2,11,4ed51d9fd1856780f554a27b926d05fa1ea6c814ac4a50a33ee15c6e618240ac,false,,行动卡面,行动卡面\6_第2页-11.PNG
6,D:\LX\tregecy\asset\pdf-素材\（提取图片）6（300g铜版纸,D:\LX\tregecy\asset\pdf-素材\（提取图片）6（300g铜版纸\第2页-12(1).PNG,第2页-12(1).PNG,第2页-12.PNG,2,12,faa4e82b4794a6604dd56ba538cca22fad773916eb08f7a3ecfebedcda6525bc,true,第2页-12.PNG,duplicates,duplicates\6_第2页-12.PNG
6,D:\LX\tregecy\asset\pdf-素材\（提取图片）6（300g铜版纸,D:\LX\tregecy\asset\pdf-素材\（提取图片）6（300g铜版纸\第2页-12.PNG,第2页-12.PNG,第2页-12.PNG,2,12,faa4e82b4794a6604dd56ba538cca22fad773916eb08f7a3ecfebedcda6525bc,false,,行动卡面,行动卡面\6_第2页-12.PNG
6,D:\LX\tregecy\asset\pdf-素材\（提取图片）6（300g铜版纸,D:\LX\tregecy\asset\pdf-素材\（提取图片）6（300g铜版纸\第2页-13(1).PNG,第2页-13(1).PNG,第2页-13.PNG,2,13,8a3892805d27440454fc880abc00c400966da6d6e14ad8c88aa08cf84bd10664,true,第2页-13.PNG,duplicates,duplicates\6_第2页-13.PNG
6,D:\LX\tregecy\asset\pdf-素材\（提取图片）6（300g铜版纸,D:\LX\tregecy\asset\pdf-素材\（提取图片）6（300g铜版纸\第2页-13.PNG,第2页-13.PNG,第2页-13.PNG,2,13,8a3892805d27440454fc880abc00c400966da6d6e14ad8c88aa08cf84bd10664,false,,行动卡面,行动卡面\6_第2页-13.PNG
6,D:\LX\tregecy\asset\pdf-素材\（提取图片）6（300g铜版纸,D:\LX\tregecy\asset\pdf-素材\（提取图片）6（300g铜版纸\第2页-14(1).PNG,第2页-14(1).PNG,第2页-14.PNG,2,14,68f0a4e51ff68af1f9f345809000be6c05761863a04a0620bd23ea855b97ffd0,true,第2页-14.PNG,duplicates,duplicates\6_第2页-14.PNG
6,D:\LX\tregecy\asset\pdf-素材\（提取图片）6（300g铜版纸,D:\LX\tregecy\asset\pdf-素材\（提取图片）6（300g铜版纸\第2页-14.PNG,第2页-14.PNG,第2页-14.PNG,2,14,68f0a4e51ff68af1f9f345809000be6c05761863a04a0620bd23ea855b97ffd0,false,,行动卡面,行动卡面\6_第2页-14.PNG
6,D:\LX\tregecy\asset\pdf-素材\（提取图片）6（300g铜版纸,D:\LX\tregecy\asset\pdf-素材\（提取图片）6（300g铜版纸\第2页-15(1).PNG,第2页-15(1).PNG,第2页-15.PNG,2,15,ac32a51dfccfac8b1522a9e453b1fa4b0679f305b54fed2e9a0e7131605f9f01,true,第2页-15.PNG,duplicates,duplicates\6_第2页-15.PNG
6,D:\LX\tregecy\asset\pdf-素材\（提取图片）6（300g铜版纸,D:\LX\tregecy\asset\pdf-素材\（提取图片）6（300g铜版纸\第2页-15.PNG,第2页-15.PNG,第2页-15.PNG,2,15,ac32a51dfccfac8b1522a9e453b1fa4b0679f305b54fed2e9a0e7131605f9f01,false,,行动卡面,行动卡面\6_第2页-15.PNG
6,D:\LX\tregecy\asset\pdf-素材\（提取图片）6（300g铜版纸,D:\LX\tregecy\asset\pdf-素材\（提取图片）6（300g铜版纸\第2页-16(1).PNG,第2页-16(1).PNG,第2页-16.PNG,2,16,8c1f7ff91ff3cf0813cf7e5fe36452536a048606345194ad81d9ff571df604ac,true,第2页-16.PNG,duplicates,duplicates\6_第2页-16.PNG
6,D:\LX\tregecy\asset\pdf-素材\（提取图片）6（300g铜版纸,D:\LX\tregecy\asset\pdf-素材\（提取图片）6（300g铜版纸\第2页-16.PNG,第2页-16.PNG,第2页-16.PNG,2,16,8c1f7ff91ff3cf0813cf7e5fe36452536a048606345194ad81d9ff571df604ac,false,,行动卡面,行动卡面\6_第2页-16.PNG
6,D:\LX\tregecy\asset\pdf-素材\（提取图片）6（300g铜版纸,D:\LX\tregecy\asset\pdf-素材\（提取图片）6（300g铜版纸\第2页-17(1).PNG,第2页-17(1).PNG,第2页-17.PNG,2,17,67437713ee1b85aa6f047a4ed9f72389e061d857dbe6d8185a020d2e22fa7eea,true,第2页-17.PNG,duplicates,duplicates\6_第2页-17.PNG
6,D:\LX\tregecy\asset\pdf-素材\（提取图片）6（300g铜版纸,D:\LX\tregecy\asset\pdf-素材\（提取图片）6（300g铜版纸\第2页-17.PNG,第2页-17.PNG,第2页-17.PNG,2,17,67437713ee1b85aa6f047a4ed9f72389e061d857dbe6d8185a020d2e22fa7eea,false,,行动卡面,行动卡面\6_第2页-17.PNG
6,D:\LX\tregecy\asset\pdf-素材\（提取图片）6（300g铜版纸,D:\LX\tregecy\asset\pdf-素材\（提取图片）6（300g铜版纸\第2页-18(1).PNG,第2页-18(1).PNG,第2页-18.PNG,2,18,55ed5565d5c4bfc9938581779542aa6634b5f519a535fbc3b9aa0b30b3f20bff,true,第2页-18.PNG,duplicates,duplicates\6_第2页-18.PNG
6,D:\LX\tregecy\asset\pdf-素材\（提取图片）6（300g铜版纸,D:\LX\tregecy\asset\pdf-素材\（提取图片）6（300g铜版纸\第2页-18.PNG,第2页-18.PNG,第2页-18.PNG,2,18,55ed5565d5c4bfc9938581779542aa6634b5f519a535fbc3b9aa0b30b3f20bff,false,,行动卡面,行动卡面\6_第2页-18.PNG
6,D:\LX\tregecy\asset\pdf-素材\（提取图片）6（300g铜版纸,D:\LX\tregecy\asset\pdf-素材\（提取图片）6（300g铜版纸\第3页-19(1).PNG,第3页-19(1).PNG,第3页-19.PNG,3,19,404a39255b02a6f7fd3eb6539c291d1f9ea71c0bc4eaac24dd00cf4f7dd3296d,true,第3页-19.PNG,duplicates,duplicates\6_第3页-19.PNG
6,D:\LX\tregecy\asset\pdf-素材\（提取图片）6（300g铜版纸,D:\LX\tregecy\asset\pdf-素材\（提取图片）6（300g铜版纸\第3页-19.PNG,第3页-19.PNG,第3页-19.PNG,3,19,404a39255b02a6f7fd3eb6539c291d1f9ea71c0bc4eaac24dd00cf4f7dd3296d,false,,行动卡面,行动卡面\6_第3页-19.PNG
6,D:\LX\tregecy\asset\pdf-素材\（提取图片）6（300g铜版纸,D:\LX\tregecy\asset\pdf-素材\（提取图片）6（300g铜版纸\第3页-20(1).PNG,第3页-20(1).PNG,第3页-20.PNG,3,20,22fad1dc882db4ae204b6640ea0a22940424e0c3522cf5f3b6f886a01e698fc6,true,第3页-20.PNG,duplicates,duplicates\6_第3页-20.PNG
6,D:\LX\tregecy\asset\pdf-素材\（提取图片）6（300g铜版纸,D:\LX\tregecy\asset\pdf-素材\（提取图片）6（300g铜版纸\第3页-20.PNG,第3页-20.PNG,第3页-20.PNG,3,20,22fad1dc882db4ae204b6640ea0a22940424e0c3522cf5f3b6f886a01e698fc6,false,,行动卡面,行动卡面\6_第3页-20.PNG
6,D:\LX\tregecy\asset\pdf-素材\（提取图片）6（300g铜版纸,D:\LX\tregecy\asset\pdf-素材\（提取图片）6（300g铜版纸\第3页-21(1).PNG,第3页-21(1).PNG,第3页-21.PNG,3,21,b6b6ba82dcb80bbc040a775de078eb64da9296a980c9062d94f9c0941cf377a7,true,第3页-21.PNG,duplicates,duplicates\6_第3页-21.PNG
6,D:\LX\tregecy\asset\pdf-素材\（提取图片）6（300g铜版纸,D:\LX\tregecy\asset\pdf-素材\（提取图片）6（300g铜版纸\第3页-21.PNG,第3页-21.PNG,第3页-21.PNG,3,21,b6b6ba82dcb80bbc040a775de078eb64da9296a980c9062d94f9c0941cf377a7,false,,行动卡面,行动卡面\6_第3页-21.PNG
6,D:\LX\tregecy\asset\pdf-素材\（提取图片）6（300g铜版纸,D:\LX\tregecy\asset\pdf-素材\（提取图片）6（300g铜版纸\第3页-22(1).PNG,第3页-22(1).PNG,第3页-22.PNG,3,22,c7939ca7f4252822d785cdf7c6ea5620c1a54e9185ea1e6d3831a9a2f03d4eb5,true,第3页-22.PNG,duplicates,duplicates\6_第3页-22.PNG
6,D:\LX\tregecy\asset\pdf-素材\（提取图片）6（300g铜版纸,D:\LX\tregecy\asset\pdf-素材\（提取图片）6（300g铜版纸\第3页-22.PNG,第3页-22.PNG,第3页-22.PNG,3,22,c7939ca7f4252822d785cdf7c6ea5620c1a54e9185ea1e6d3831a9a2f03d4eb5,false,,行动卡面,行动卡面\6_第3页-22.PNG
6,D:\LX\tregecy\asset\pdf-素材\（提取图片）6（300g铜版纸,D:\LX\tregecy\asset\pdf-素材\（提取图片）6（300g铜版纸\第3页-23(1).PNG,第3页-23(1).PNG,第3页-23.PNG,3,23,ff96380b6533ee15498d2a2b09aac592dc8ebe1f3ab163a99e657f538fd75bf0,true,第3页-23.PNG,duplicates,duplicates\6_第3页-23.PNG
6,D:\LX\tregecy\asset\pdf-素材\（提取图片）6（300g铜版纸,D:\LX\tregecy\asset\pdf-素材\（提取图片）6（300g铜版纸\第3页-23.PNG,第3页-23.PNG,第3页-23.PNG,3,23,ff96380b6533ee15498d2a2b09aac592dc8ebe1f3ab163a99e657f538fd75bf0,false,,行动卡面,行动卡面\6_第3页-23.PNG
6,D:\LX\tregecy\asset\pdf-素材\（提取图片）6（300g铜版纸,D:\LX\tregecy\asset\pdf-素材\（提取图片）6（300g铜版纸\第3页-24(1).PNG,第3页-24(1).PNG,第3页-24.PNG,3,24,17e2a6770b4997c835264c86879e48bb96809393d01c37173a87aca5fc42daf8,true,第3页-24.PNG,duplicates,duplicates\6_第3页-24.PNG
6,D:\LX\tregecy\asset\pdf-素材\（提取图片）6（300g铜版纸,D:\LX\tregecy\asset\pdf-素材\（提取图片）6（300g铜版纸\第3页-24.PNG,第3页-24.PNG,第3页-24.PNG,3,24,17e2a6770b4997c835264c86879e48bb96809393d01c37173a87aca5fc42daf8,false,,行动卡面,行动卡面\6_第3页-24.PNG
6,D:\LX\tregecy\asset\pdf-素材\（提取图片）6（300g铜版纸,D:\LX\tregecy\asset\pdf-素材\（提取图片）6（300g铜版纸\第3页-25(1).PNG,第3页-25(1).PNG,第3页-25.PNG,3,25,4bd77a62a8385e0b506243b3bb2a346f97863b882ed57127c005afbe24d9d451,true,第3页-25.PNG,duplicates,duplicates\6_第3页-25.PNG
6,D:\LX\tregecy\asset\pdf-素材\（提取图片）6（300g铜版纸,D:\LX\tregecy\asset\pdf-素材\（提取图片）6（300g铜版纸\第3页-25.PNG,第3页-25.PNG,第3页-25.PNG,3,25,4bd77a62a8385e0b506243b3bb2a346f97863b882ed57127c005afbe24d9d451,false,,行动卡面,行动卡面\6_第3页-25.PNG
6,D:\LX\tregecy\asset\pdf-素材\（提取图片）6（300g铜版纸,D:\LX\tregecy\asset\pdf-素材\（提取图片）6（300g铜版纸\第3页-26(1).PNG,第3页-26(1).PNG,第3页-26.PNG,3,26,637e8d4ca2419cbafda1c1e53fac9c9d197b07289f0dce910ea59a1f73fb8cbb,true,第3页-26.PNG,duplicates,duplicates\6_第3页-26.PNG
6,D:\LX\tregecy\asset\pdf-素材\（提取图片）6（300g铜版纸,D:\LX\tregecy\asset\pdf-素材\（提取图片）6（300g铜版纸\第3页-26.PNG,第3页-26.PNG,第3页-26.PNG,3,26,637e8d4ca2419cbafda1c1e53fac9c9d197b07289f0dce910ea59a1f73fb8cbb,false,,行动卡面,行动卡面\6_第3页-26.PNG
6,D:\LX\tregecy\asset\pdf-素材\（提取图片）6（300g铜版纸,D:\LX\tregecy\asset\pdf-素材\（提取图片）6（300g铜版纸\第3页-27(1).PNG,第3页-27(1).PNG,第3页-27.PNG,3,27,3c24fe868c9b319847808097d77af491dc2d11be15de5eb6a977e2f6dc15c377,true,第3页-27.PNG,duplicates,duplicates\6_第3页-27.PNG
6,D:\LX\tregecy\asset\pdf-素材\（提取图片）6（300g铜版纸,D:\LX\tregecy\asset\pdf-素材\（提取图片）6（300g铜版纸\第3页-27.PNG,第3页-27.PNG,第3页-27.PNG,3,27,3c24fe868c9b319847808097d77af491dc2d11be15de5eb6a977e2f6dc15c377,false,,行动卡面,行动卡面\6_第3页-27.PNG
6,D:\LX\tregecy\asset\pdf-素材\（提取图片）6（300g铜版纸,D:\LX\tregecy\asset\pdf-素材\（提取图片）6（300g铜版纸\第4页-28(1).PNG,第4页-28(1).PNG,第4页-28.PNG,4,28,c22a662425d175c0977e002ddbbf478f6710905dc21a554c18341b75e4d9acf6,true,第4页-28.PNG,duplicates,duplicates\6_第4页-28.PNG
6,D:\LX\tregecy\asset\pdf-素材\（提取图片）6（300g铜版纸,D:\LX\tregecy\asset\pdf-素材\（提取图片）6（300g铜版纸\第4页-28.PNG,第4页-28.PNG,第4页-28.PNG,4,28,c22a662425d175c0977e002ddbbf478f6710905dc21a554c18341b75e4d9acf6,false,,行动卡面,行动卡面\6_第4页-28.PNG
6,D:\LX\tregecy\asset\pdf-素材\（提取图片）6（300g铜版纸,D:\LX\tregecy\asset\pdf-素材\（提取图片）6（300g铜版纸\第4页-29(1).PNG,第4页-29(1).PNG,第4页-29.PNG,4,29,266af9ae08cf954a0e355ef4807e206131547e636801cd543c6f386ec66df20d,true,第4页-29.PNG,duplicates,duplicates\6_第4页-29.PNG
6,D:\LX\tregecy\asset\pdf-素材\（提取图片）6（300g铜版纸,D:\LX\tregecy\asset\pdf-素材\（提取图片）6（300g铜版纸\第4页-29.PNG,第4页-29.PNG,第4页-29.PNG,4,29,266af9ae08cf954a0e355ef4807e206131547e636801cd543c6f386ec66df20d,false,,行动卡面,行动卡面\6_第4页-29.PNG
6,D:\LX\tregecy\asset\pdf-素材\（提取图片）6（300g铜版纸,D:\LX\tregecy\asset\pdf-素材\（提取图片）6（300g铜版纸\第4页-30(1).PNG,第4页-30(1).PNG,第4页-30.PNG,4,30,00462da7d4da4b2bd6349fce85bc9ea9200b6c8129cd21c123f8880bfea29812,true,第4页-30.PNG,duplicates,duplicates\6_第4页-30.PNG
6,D:\LX\tregecy\asset\pdf-素材\（提取图片）6（300g铜版纸,D:\LX\tregecy\asset\pdf-素材\（提取图片）6（300g铜版纸\第4页-30.PNG,第4页-30.PNG,第4页-30.PNG,4,30,00462da7d4da4b2bd6349fce85bc9ea9200b6c8129cd21c123f8880bfea29812,false,,行动卡面,行动卡面\6_第4页-30.PNG
6,D:\LX\tregecy\asset\pdf-素材\（提取图片）6（300g铜版纸,D:\LX\tregecy\asset\pdf-素材\（提取图片）6（300g铜版纸\第4页-31(1).PNG,第4页-31(1).PNG,第4页-31.PNG,4,31,0cdce6c4ab1e87d7af6c8839b575cce27f86d05af3125dd5962a4c1f3c6d312c,true,第4页-31.PNG,duplicates,duplicates\6_第4页-31.PNG
6,D:\LX\tregecy\asset\pdf-素材\（提取图片）6（300g铜版纸,D:\LX\tregecy\asset\pdf-素材\（提取图片）6（300g铜版纸\第4页-31.PNG,第4页-31.PNG,第4页-31.PNG,4,31,0cdce6c4ab1e87d7af6c8839b575cce27f86d05af3125dd5962a4c1f3c6d312c,false,,行动卡面,行动卡面\6_第4页-31.PNG
6,D:\LX\tregecy\asset\pdf-素材\（提取图片）6（300g铜版纸,D:\LX\tregecy\asset\pdf-素材\（提取图片）6（300g铜版纸\第4页-32(1).PNG,第4页-32(1).PNG,第4页-32.PNG,4,32,c75047529f361d95a98e73a714635989d5e134297f7ed407194fe5645714987b,true,第4页-32.PNG,duplicates,duplicates\6_第4页-32.PNG
6,D:\LX\tregecy\asset\pdf-素材\（提取图片）6（300g铜版纸,D:\LX\tregecy\asset\pdf-素材\（提取图片）6（300g铜版纸\第4页-32.PNG,第4页-32.PNG,第4页-32.PNG,4,32,c75047529f361d95a98e73a714635989d5e134297f7ed407194fe5645714987b,false,,行动卡面,行动卡面\6_第4页-32.PNG
6,D:\LX\tregecy\asset\pdf-素材\（提取图片）6（300g铜版纸,D:\LX\tregecy\asset\pdf-素材\（提取图片）6（300g铜版纸\第4页-33(1).PNG,第4页-33(1).PNG,第4页-33.PNG,4,33,ce073f0a18be0816325be7d4bc984296c5fb552c185ed1fe1a82f4feef5b6f70,true,第4页-33.PNG,duplicates,duplicates\6_第4页-33.PNG
6,D:\LX\tregecy\asset\pdf-素材\（提取图片）6（300g铜版纸,D:\LX\tregecy\asset\pdf-素材\（提取图片）6（300g铜版纸\第4页-33.PNG,第4页-33.PNG,第4页-33.PNG,4,33,ce073f0a18be0816325be7d4bc984296c5fb552c185ed1fe1a82f4feef5b6f70,false,,行动卡面,行动卡面\6_第4页-33.PNG
6,D:\LX\tregecy\asset\pdf-素材\（提取图片）6（300g铜版纸,D:\LX\tregecy\asset\pdf-素材\（提取图片）6（300g铜版纸\第4页-34(1).PNG,第4页-34(1).PNG,第4页-34.PNG,4,34,26e5fb90c0982b9909c9692af17bb9790452c40dc813346b7c2bf3a25c793e62,true,第4页-34.PNG,duplicates,duplicates\6_第4页-34.PNG
6,D:\LX\tregecy\asset\pdf-素材\（提取图片）6（300g铜版纸,D:\LX\tregecy\asset\pdf-素材\（提取图片）6（300g铜版纸\第4页-34.PNG,第4页-34.PNG,第4页-34.PNG,4,34,26e5fb90c0982b9909c9692af17bb9790452c40dc813346b7c2bf3a25c793e62,false,,行动卡面,行动卡面\6_第4页-34.PNG
6,D:\LX\tregecy\asset\pdf-素材\（提取图片）6（300g铜版纸,D:\LX\tregecy\asset\pdf-素材\（提取图片）6（300g铜版纸\第4页-35(1).PNG,第4页-35(1).PNG,第4页-35.PNG,4,35,3fc34862c4e0c7bceadb4e0da67cd66eade155ef804be093725df4db05bcad36,true,第4页-35.PNG,duplicates,duplicates\6_第4页-35.PNG
6,D:\LX\tregecy\asset\pdf-素材\（提取图片）6（300g铜版纸,D:\LX\tregecy\asset\pdf-素材\（提取图片）6（300g铜版纸\第4页-35.PNG,第4页-35.PNG,第4页-35.PNG,4,35,3fc34862c4e0c7bceadb4e0da67cd66eade155ef804be093725df4db05bcad36,false,,公开信息表,公开信息表\6_第4页-35.PNG
6,D:\LX\tregecy\asset\pdf-素材\（提取图片）6（300g铜版纸,D:\LX\tregecy\asset\pdf-素材\（提取图片）6（300g铜版纸\第4页-36(1).PNG,第4页-36(1).PNG,第4页-36.PNG,4,36,a32d1bfea43adb397726e3ad1d0efd776cc79f515d239f0c842ad1cde6d5796c,true,第4页-36.PNG,duplicates,duplicates\6_第4页-36.PNG
6,D:\LX\tregecy\asset\pdf-素材\（提取图片）6（300g铜版纸,D:\LX\tregecy\asset\pdf-素材\（提取图片）6（300g铜版纸\第4页-36.PNG,第4页-36.PNG,第4页-36.PNG,4,36,a32d1bfea43adb397726e3ad1d0efd776cc79f515d239f0c842ad1cde6d5796c,false,,公开信息表,公开信息表\6_第4页-36.PNG
6,D:\LX\tregecy\asset\pdf-素材\（提取图片）6（300g铜版纸,D:\LX\tregecy\asset\pdf-素材\（提取图片）6（300g铜版纸\第5页-37(1).PNG,第5页-37(1).PNG,第5页-37.PNG,5,37,65a7513e0a8e0bdd8e7b64898030ba9487b720c02dc879b7eeb373c07051babb,true,第5页-37.PNG,duplicates,duplicates\6_第5页-37.PNG
6,D:\LX\tregecy\asset\pdf-素材\（提取图片）6（300g铜版纸,D:\LX\tregecy\asset\pdf-素材\（提取图片）6（300g铜版纸\第5页-37.PNG,第5页-37.PNG,第5页-37.PNG,5,37,65a7513e0a8e0bdd8e7b64898030ba9487b720c02dc879b7eeb373c07051babb,false,,公开信息表,公开信息表\6_第5页-37.PNG
6,D:\LX\tregecy\asset\pdf-素材\（提取图片）6（300g铜版纸,D:\LX\tregecy\asset\pdf-素材\（提取图片）6（300g铜版纸\第5页-38(1).PNG,第5页-38(1).PNG,第5页-38.PNG,5,38,b1b010a754f5278bc59f373645605fdc18404de21f248b9e011684a3889605f0,true,第5页-38.PNG,duplicates,duplicates\6_第5页-38.PNG
6,D:\LX\tregecy\asset\pdf-素材\（提取图片）6（300g铜版纸,D:\LX\tregecy\asset\pdf-素材\（提取图片）6（300g铜版纸\第5页-38.PNG,第5页-38.PNG,第5页-38.PNG,5,38,b1b010a754f5278bc59f373645605fdc18404de21f248b9e011684a3889605f0,false,,公开信息表,公开信息表\6_第5页-38.PNG
6,D:\LX\tregecy\asset\pdf-素材\（提取图片）6（300g铜版纸,D:\LX\tregecy\asset\pdf-素材\（提取图片）6（300g铜版纸\第5页-39(1).PNG,第5页-39(1).PNG,第5页-39.PNG,5,39,ceff8426f124e1d08dce05c07621b516588049455aaf0b53400f9091963c5a8b,true,第5页-39.PNG,duplicates,duplicates\6_第5页-39.PNG
6,D:\LX\tregecy\asset\pdf-素材\（提取图片）6（300g铜版纸,D:\LX\tregecy\asset\pdf-素材\（提取图片）6（300g铜版纸\第5页-39.PNG,第5页-39.PNG,第5页-39.PNG,5,39,ceff8426f124e1d08dce05c07621b516588049455aaf0b53400f9091963c5a8b,false,,公开信息表,公开信息表\6_第5页-39.PNG
6,D:\LX\tregecy\asset\pdf-素材\（提取图片）6（300g铜版纸,D:\LX\tregecy\asset\pdf-素材\（提取图片）6（300g铜版纸\第5页-40(1).PNG,第5页-40(1).PNG,第5页-40.PNG,5,40,c49ff5f36b58b25d40b6808cb4964571866241baa48670c4db1597b549213577,true,第5页-40.PNG,duplicates,duplicates\6_第5页-40.PNG
6,D:\LX\tregecy\asset\pdf-素材\（提取图片）6（300g铜版纸,D:\LX\tregecy\asset\pdf-素材\（提取图片）6（300g铜版纸\第5页-40.PNG,第5页-40.PNG,第5页-40.PNG,5,40,c49ff5f36b58b25d40b6808cb4964571866241baa48670c4db1597b549213577,false,,公开信息表,公开信息表\6_第5页-40.PNG
6,D:\LX\tregecy\asset\pdf-素材\（提取图片）6（300g铜版纸,D:\LX\tregecy\asset\pdf-素材\（提取图片）6（300g铜版纸\第5页-41(1).PNG,第5页-41(1).PNG,第5页-41.PNG,5,41,95c290a18d3253e5d6f69f5cf5b09fc3b3bcef895ae8ebebb6c4f34d0a3b3aaf,true,第5页-41.PNG,duplicates,duplicates\6_第5页-41.PNG
6,D:\LX\tregecy\asset\pdf-素材\（提取图片）6（300g铜版纸,D:\LX\tregecy\asset\pdf-素材\（提取图片）6（300g铜版纸\第5页-41.PNG,第5页-41.PNG,第5页-41.PNG,5,41,95c290a18d3253e5d6f69f5cf5b09fc3b3bcef895ae8ebebb6c4f34d0a3b3aaf,false,,公开信息表,公开信息表\6_第5页-41.PNG
6,D:\LX\tregecy\asset\pdf-素材\（提取图片）6（300g铜版纸,D:\LX\tregecy\asset\pdf-素材\（提取图片）6（300g铜版纸\第5页-42(1).PNG,第5页-42(1).PNG,第5页-42.PNG,5,42,65040e1e994a89bbb83f8b4f4e7e16aa0dc9ad1fdda4f8748e98f6ffdc5569f8,true,第5页-42.PNG,duplicates,duplicates\6_第5页-42.PNG
6,D:\LX\tregecy\asset\pdf-素材\（提取图片）6（300g铜版纸,D:\LX\tregecy\asset\pdf-素材\（提取图片）6（300g铜版纸\第5页-42.PNG,第5页-42.PNG,第5页-42.PNG,5,42,65040e1e994a89bbb83f8b4f4e7e16aa0dc9ad1fdda4f8748e98f6ffdc5569f8,false,,公开信息表,公开信息表\6_第5页-42.PNG
6,D:\LX\tregecy\asset\pdf-素材\（提取图片）6（300g铜版纸,D:\LX\tregecy\asset\pdf-素材\（提取图片）6（300g铜版纸\第5页-43(1).PNG,第5页-43(1).PNG,第5页-43.PNG,5,43,78ca14e2f4e7723c2431261cedc55ea50a88348ea5f6cddd9e7b35a5e5ecf162,true,第5页-43.PNG,duplicates,duplicates\6_第5页-43.PNG
6,D:\LX\tregecy\asset\pdf-素材\（提取图片）6（300g铜版纸,D:\LX\tregecy\asset\pdf-素材\（提取图片）6（300g铜版纸\第5页-43.PNG,第5页-43.PNG,第5页-43.PNG,5,43,78ca14e2f4e7723c2431261cedc55ea50a88348ea5f6cddd9e7b35a5e5ecf162,false,,公开信息表,公开信息表\6_第5页-43.PNG
6,D:\LX\tregecy\asset\pdf-素材\（提取图片）6（300g铜版纸,D:\LX\tregecy\asset\pdf-素材\（提取图片）6（300g铜版纸\第5页-44(1).PNG,第5页-44(1).PNG,第5页-44.PNG,5,44,d359d3c3b5f03b21210331a69b0f449bc4aeec87d9a6c5755d7180e9d0075880,true,第5页-44.PNG,duplicates,duplicates\6_第5页-44.PNG
6,D:\LX\tregecy\asset\pdf-素材\（提取图片）6（300g铜版纸,D:\LX\tregecy\asset\pdf-素材\（提取图片）6（300g铜版纸\第5页-44.PNG,第5页-44.PNG,第5页-44.PNG,5,44,d359d3c3b5f03b21210331a69b0f449bc4aeec87d9a6c5755d7180e9d0075880,false,,公开信息表,公开信息表\6_第5页-44.PNG
6,D:\LX\tregecy\asset\pdf-素材\（提取图片）6（300g铜版纸,D:\LX\tregecy\asset\pdf-素材\（提取图片）6（300g铜版纸\第5页-45(1).PNG,第5页-45(1).PNG,第5页-45.PNG,5,45,db0bc344e5fa68e45e4370539a801fe95ebf4e78ca5c986b4ef0762647bea14e,true,第5页-45.PNG,duplicates,duplicates\6_第5页-45.PNG
6,D:\LX\tregecy\asset\pdf-素材\（提取图片）6（300g铜版纸,D:\LX\tregecy\asset\pdf-素材\（提取图片）6（300g铜版纸\第5页-45.PNG,第5页-45.PNG,第5页-45.PNG,5,45,db0bc344e5fa68e45e4370539a801fe95ebf4e78ca5c986b4ef0762647bea14e,false,,公开信息表,公开信息表\6_第5页-45.PNG
6,D:\LX\tregecy\asset\pdf-素材\（提取图片）6（300g铜版纸,D:\LX\tregecy\asset\pdf-素材\（提取图片）6（300g铜版纸\第6页-46(1).PNG,第6页-46(1).PNG,第6页-46.PNG,6,46,e4d06a311a2fd75247658410e2d699f6f03baaf4466714ff74a067286c359747,true,第6页-46.PNG,duplicates,duplicates\6_第6页-46.PNG
6,D:\LX\tregecy\asset\pdf-素材\（提取图片）6（300g铜版纸,D:\LX\tregecy\asset\pdf-素材\（提取图片）6（300g铜版纸\第6页-46.PNG,第6页-46.PNG,第6页-46.PNG,6,46,e4d06a311a2fd75247658410e2d699f6f03baaf4466714ff74a067286c359747,false,,公开信息表,公开信息表\6_第6页-46.PNG
6,D:\LX\tregecy\asset\pdf-素材\（提取图片）6（300g铜版纸,D:\LX\tregecy\asset\pdf-素材\（提取图片）6（300g铜版纸\第6页-47(1).PNG,第6页-47(1).PNG,第6页-47.PNG,6,47,72a59eba329779e6c9366878d227d42b6033008721a4eaa87382a1b0bcd1a1f9,true,第6页-47.PNG,duplicates,duplicates\6_第6页-47.PNG
6,D:\LX\tregecy\asset\pdf-素材\（提取图片）6（300g铜版纸,D:\LX\tregecy\asset\pdf-素材\（提取图片）6（300g铜版纸\第6页-47.PNG,第6页-47.PNG,第6页-47.PNG,6,47,72a59eba329779e6c9366878d227d42b6033008721a4eaa87382a1b0bcd1a1f9,false,,公开信息表,公开信息表\6_第6页-47.PNG
6,D:\LX\tregecy\asset\pdf-素材\（提取图片）6（300g铜版纸,D:\LX\tregecy\asset\pdf-素材\（提取图片）6（300g铜版纸\第6页-48(1).PNG,第6页-48(1).PNG,第6页-48.PNG,6,48,edbb0100a991290cb4f410c3d30df6fc1c2bb919808ad7e43233a0f20707ba25,true,第6页-48.PNG,duplicates,duplicates\6_第6页-48.PNG
6,D:\LX\tregecy\asset\pdf-素材\（提取图片）6（300g铜版纸,D:\LX\tregecy\asset\pdf-素材\（提取图片）6（300g铜版纸\第6页-48.PNG,第6页-48.PNG,第6页-48.PNG,6,48,edbb0100a991290cb4f410c3d30df6fc1c2bb919808ad7e43233a0f20707ba25,false,,公开信息表,公开信息表\6_第6页-48.PNG
6,D:\LX\tregecy\asset\pdf-素材\（提取图片）6（300g铜版纸,D:\LX\tregecy\asset\pdf-素材\（提取图片）6（300g铜版纸\第6页-49(1).PNG,第6页-49(1).PNG,第6页-49.PNG,6,49,27689141f855e085f66e87d7fc92e571c42bb62cc48ebac9b57402ff8a51df38,true,第6页-49.PNG,duplicates,duplicates\6_第6页-49.PNG
6,D:\LX\tregecy\asset\pdf-素材\（提取图片）6（300g铜版纸,D:\LX\tregecy\asset\pdf-素材\（提取图片）6（300g铜版纸\第6页-49.PNG,第6页-49.PNG,第6页-49.PNG,6,49,27689141f855e085f66e87d7fc92e571c42bb62cc48ebac9b57402ff8a51df38,false,,公开信息表,公开信息表\6_第6页-49.PNG
6,D:\LX\tregecy\asset\pdf-素材\（提取图片）6（300g铜版纸,D:\LX\tregecy\asset\pdf-素材\（提取图片）6（300g铜版纸\第6页-50(1).PNG,第6页-50(1).PNG,第6页-50.PNG,6,50,b16f619dee7d596902b4ead2a7c901c4d63b4586407ad963a6f7b5cad2831f8a,true,第6页-50.PNG,duplicates,duplicates\6_第6页-50.PNG
6,D:\LX\tregecy\asset\pdf-素材\（提取图片）6（300g铜版纸,D:\LX\tregecy\asset\pdf-素材\（提取图片）6（300g铜版纸\第6页-50.PNG,第6页-50.PNG,第6页-50.PNG,6,50,b16f619dee7d596902b4ead2a7c901c4d63b4586407ad963a6f7b5cad2831f8a,false,,公开信息表,公开信息表\6_第6页-50.PNG
6,D:\LX\tregecy\asset\pdf-素材\（提取图片）6（300g铜版纸,D:\LX\tregecy\asset\pdf-素材\（提取图片）6（300g铜版纸\第6页-51(1).PNG,第6页-51(1).PNG,第6页-51.PNG,6,51,0405f71a18608e0436db30c0f6b8eba82cc0d242cd4fa5bd1eecf78e6fcef53c,true,第6页-51.PNG,duplicates,duplicates\6_第6页-51.PNG
6,D:\LX\tregecy\asset\pdf-素材\（提取图片）6（300g铜版纸,D:\LX\tregecy\asset\pdf-素材\（提取图片）6（300g铜版纸\第6页-51.PNG,第6页-51.PNG,第6页-51.PNG,6,51,0405f71a18608e0436db30c0f6b8eba82cc0d242cd4fa5bd1eecf78e6fcef53c,false,,公开信息表,公开信息表\6_第6页-51.PNG
6,D:\LX\tregecy\asset\pdf-素材\（提取图片）6（300g铜版纸,D:\LX\tregecy\asset\pdf-素材\（提取图片）6（300g铜版纸\第6页-52(1).PNG,第6页-52(1).PNG,第6页-52.PNG,6,52,250daeafb11fbe0b589c74b63949f5f375758dd12ab62750cbe55b1b2c480d23,true,第6页-52.PNG,duplicates,duplicates\6_第6页-52.PNG
6,D:\LX\tregecy\asset\pdf-素材\（提取图片）6（300g铜版纸,D:\LX\tregecy\asset\pdf-素材\（提取图片）6（300g铜版纸\第6页-52.PNG,第6页-52.PNG,第6页-52.PNG,6,52,250daeafb11fbe0b589c74b63949f5f375758dd12ab62750cbe55b1b2c480d23,false,,公开信息表,公开信息表\6_第6页-52.PNG
6,D:\LX\tregecy\asset\pdf-素材\（提取图片）6（300g铜版纸,D:\LX\tregecy\asset\pdf-素材\（提取图片）6（300g铜版纸\第6页-53(1).PNG,第6页-53(1).PNG,第6页-53.PNG,6,53,d1c062555f5d3af0ca9b51fa4ddb08e074b109cfe0bd090d20e9336197a3bec3,true,第6页-53.PNG,duplicates,duplicates\6_第6页-53.PNG
6,D:\LX\tregecy\asset\pdf-素材\（提取图片）6（300g铜版纸,D:\LX\tregecy\asset\pdf-素材\（提取图片）6（300g铜版纸\第6页-53.PNG,第6页-53.PNG,第6页-53.PNG,6,53,d1c062555f5d3af0ca9b51fa4ddb08e074b109cfe0bd090d20e9336197a3bec3,false,,公开信息表,公开信息表\6_第6页-53.PNG
6,D:\LX\tregecy\asset\pdf-素材\（提取图片）6（300g铜版纸,D:\LX\tregecy\asset\pdf-素材\（提取图片）6（300g铜版纸\第6页-54(1).PNG,第6页-54(1).PNG,第6页-54.PNG,6,54,e7a974807fcfd3e4234b84ebb948fbf709f4a2a01b6ec12198b02f1d08af8f9a,true,第6页-54.PNG,duplicates,duplicates\6_第6页-54.PNG
6,D:\LX\tregecy\asset\pdf-素材\（提取图片）6（300g铜版纸,D:\LX\tregecy\asset\pdf-素材\（提取图片）6（300g铜版纸\第6页-54.PNG,第6页-54.PNG,第6页-54.PNG,6,54,e7a974807fcfd3e4234b84ebb948fbf709f4a2a01b6ec12198b02f1d08af8f9a,false,,公开信息表,公开信息表\6_第6页-54.PNG
6,D:\LX\tregecy\asset\pdf-素材\（提取图片）6（300g铜版纸,D:\LX\tregecy\asset\pdf-素材\（提取图片）6（300g铜版纸\第7页-55(1).PNG,第7页-55(1).PNG,第7页-55.PNG,7,55,c980edae37fdd46f4c1ebc6f7e57b20fcf40da891b5253267564f6f47bdca757,true,第7页-55.PNG,duplicates,duplicates\6_第7页-55.PNG
6,D:\LX\tregecy\asset\pdf-素材\（提取图片）6（300g铜版纸,D:\LX\tregecy\asset\pdf-素材\（提取图片）6（300g铜版纸\第7页-55.PNG,第7页-55.PNG,第7页-55.PNG,7,55,c980edae37fdd46f4c1ebc6f7e57b20fcf40da891b5253267564f6f47bdca757,false,,公开信息表,公开信息表\6_第7页-55.PNG
6,D:\LX\tregecy\asset\pdf-素材\（提取图片）6（300g铜版纸,D:\LX\tregecy\asset\pdf-素材\（提取图片）6（300g铜版纸\第7页-56(1).PNG,第7页-56(1).PNG,第7页-56.PNG,7,56,ebc8a71c1f1e075df2b1463b80092c0a3b1a76dfa9c5e9db710b6b3749df711d,true,第7页-56.PNG,duplicates,duplicates\6_第7页-56.PNG
6,D:\LX\tregecy\asset\pdf-素材\（提取图片）6（300g铜版纸,D:\LX\tregecy\asset\pdf-素材\（提取图片）6（300g铜版纸\第7页-56.PNG,第7页-56.PNG,第7页-56.PNG,7,56,ebc8a71c1f1e075df2b1463b80092c0a3b1a76dfa9c5e9db710b6b3749df711d,false,,公开信息表,公开信息表\6_第7页-56.PNG
6,D:\LX\tregecy\asset\pdf-素材\（提取图片）6（300g铜版纸,D:\LX\tregecy\asset\pdf-素材\（提取图片）6（300g铜版纸\第7页-57(1).PNG,第7页-57(1).PNG,第7页-57.PNG,7,57,f75363421b8bd17f6721da9696c4d3213fdb0fb4dc750eb96071ca9490283708,true,第7页-57.PNG,duplicates,duplicates\6_第7页-57.PNG
6,D:\LX\tregecy\asset\pdf-素材\（提取图片）6（300g铜版纸,D:\LX\tregecy\asset\pdf-素材\（提取图片）6（300g铜版纸\第7页-57.PNG,第7页-57.PNG,第7页-57.PNG,7,57,f75363421b8bd17f6721da9696c4d3213fdb0fb4dc750eb96071ca9490283708,false,,公开信息表,公开信息表\6_第7页-57.PNG
6,D:\LX\tregecy\asset\pdf-素材\（提取图片）6（300g铜版纸,D:\LX\tregecy\asset\pdf-素材\（提取图片）6（300g铜版纸\第7页-58(1).PNG,第7页-58(1).PNG,第7页-58.PNG,7,58,b8afafd8f3843b6065b58c48ed81fdafcee1a605ab75cb316a361da9ba602528,true,第7页-58.PNG,duplicates,duplicates\6_第7页-58.PNG
6,D:\LX\tregecy\asset\pdf-素材\（提取图片）6（300g铜版纸,D:\LX\tregecy\asset\pdf-素材\（提取图片）6（300g铜版纸\第7页-58.PNG,第7页-58.PNG,第7页-58.PNG,7,58,b8afafd8f3843b6065b58c48ed81fdafcee1a605ab75cb316a361da9ba602528,false,,公开信息表,公开信息表\6_第7页-58.PNG
6,D:\LX\tregecy\asset\pdf-素材\（提取图片）6（300g铜版纸,D:\LX\tregecy\asset\pdf-素材\（提取图片）6（300g铜版纸\第7页-59(1).PNG,第7页-59(1).PNG,第7页-59.PNG,7,59,784b2e2bc2ade00661c781175fb7f67c5198c6bda4158f84ee8861927e3939a4,true,第7页-59.PNG,duplicates,duplicates\6_第7页-59.PNG
6,D:\LX\tregecy\asset\pdf-素材\（提取图片）6（300g铜版纸,D:\LX\tregecy\asset\pdf-素材\（提取图片）6（300g铜版纸\第7页-59.PNG,第7页-59.PNG,第7页-59.PNG,7,59,784b2e2bc2ade00661c781175fb7f67c5198c6bda4158f84ee8861927e3939a4,false,,公开信息表,公开信息表\6_第7页-59.PNG
6,D:\LX\tregecy\asset\pdf-素材\（提取图片）6（300g铜版纸,D:\LX\tregecy\asset\pdf-素材\（提取图片）6（300g铜版纸\第7页-60(1).PNG,第7页-60(1).PNG,第7页-60.PNG,7,60,73f740924444c6b1d86a4a96c23ad72d41e27f260a8dfadecae3328593d06075,true,第7页-60.PNG,duplicates,duplicates\6_第7页-60.PNG
6,D:\LX\tregecy\asset\pdf-素材\（提取图片）6（300g铜版纸,D:\LX\tregecy\asset\pdf-素材\（提取图片）6（300g铜版纸\第7页-60.PNG,第7页-60.PNG,第7页-60.PNG,7,60,73f740924444c6b1d86a4a96c23ad72d41e27f260a8dfadecae3328593d06075,false,,公开信息表,公开信息表\6_第7页-60.PNG
6,D:\LX\tregecy\asset\pdf-素材\（提取图片）6（300g铜版纸,D:\LX\tregecy\asset\pdf-素材\（提取图片）6（300g铜版纸\第7页-61(1).PNG,第7页-61(1).PNG,第7页-61.PNG,7,61,d9286aad4b8b793ae91099f05460bf0b1a40cdc572712d7d550931cb59daad95,true,第7页-61.PNG,duplicates,duplicates\6_第7页-61.PNG
6,D:\LX\tregecy\asset\pdf-素材\（提取图片）6（300g铜版纸,D:\LX\tregecy\asset\pdf-素材\（提取图片）6（300g铜版纸\第7页-61.PNG,第7页-61.PNG,第7页-61.PNG,7,61,d9286aad4b8b793ae91099f05460bf0b1a40cdc572712d7d550931cb59daad95,false,,公开信息表,公开信息表\6_第7页-61.PNG
6,D:\LX\tregecy\asset\pdf-素材\（提取图片）6（300g铜版纸,D:\LX\tregecy\asset\pdf-素材\（提取图片）6（300g铜版纸\第7页-62(1).PNG,第7页-62(1).PNG,第7页-62.PNG,7,62,dcb632383aea7bfc0997a46252f1d6b371739b256a26af0d6b5fd4e9caa3381a,true,第7页-62.PNG,duplicates,duplicates\6_第7页-62.PNG
6,D:\LX\tregecy\asset\pdf-素材\（提取图片）6（300g铜版纸,D:\LX\tregecy\asset\pdf-素材\（提取图片）6（300g铜版纸\第7页-62.PNG,第7页-62.PNG,第7页-62.PNG,7,62,dcb632383aea7bfc0997a46252f1d6b371739b256a26af0d6b5fd4e9caa3381a,false,,公开信息表,公开信息表\6_第7页-62.PNG
6,D:\LX\tregecy\asset\pdf-素材\（提取图片）6（300g铜版纸,D:\LX\tregecy\asset\pdf-素材\（提取图片）6（300g铜版纸\第7页-63(1).PNG,第7页-63(1).PNG,第7页-63.PNG,7,63,57fc1507e06c892830211c5d520f15d33f0272d7e8f9375e0f09c75970bc1614,true,第7页-63.PNG,duplicates,duplicates\6_第7页-63.PNG
6,D:\LX\tregecy\asset\pdf-素材\（提取图片）6（300g铜版纸,D:\LX\tregecy\asset\pdf-素材\（提取图片）6（300g铜版纸\第7页-63.PNG,第7页-63.PNG,第7页-63.PNG,7,63,57fc1507e06c892830211c5d520f15d33f0272d7e8f9375e0f09c75970bc1614,false,,公开信息表,公开信息表\6_第7页-63.PNG
6,D:\LX\tregecy\asset\pdf-素材\（提取图片）6（300g铜版纸,D:\LX\tregecy\asset\pdf-素材\（提取图片）6（300g铜版纸\第8页-64(1).PNG,第8页-64(1).PNG,第8页-64.PNG,8,64,efdb308af84b68b0aec18ab12a768d133bd56b2f2b173f0cbd936130415cde0c,true,第8页-64.PNG,duplicates,duplicates\6_第8页-64.PNG
6,D:\LX\tregecy\asset\pdf-素材\（提取图片）6（300g铜版纸,D:\LX\tregecy\asset\pdf-素材\（提取图片）6（300g铜版纸\第8页-64.PNG,第8页-64.PNG,第8页-64.PNG,8,64,efdb308af84b68b0aec18ab12a768d133bd56b2f2b173f0cbd936130415cde0c,false,,公开信息表,公开信息表\6_第8页-64.PNG
6,D:\LX\tregecy\asset\pdf-素材\（提取图片）6（300g铜版纸,D:\LX\tregecy\asset\pdf-素材\（提取图片）6（300g铜版纸\第8页-65(1).PNG,第8页-65(1).PNG,第8页-65.PNG,8,65,ed4f3a92b661788d508a0a3102fc3a10ecdc9917fb08e08e76561d708b0338d2,true,第8页-65.PNG,duplicates,duplicates\6_第8页-65.PNG
6,D:\LX\tregecy\asset\pdf-素材\（提取图片）6（300g铜版纸,D:\LX\tregecy\asset\pdf-素材\（提取图片）6（300g铜版纸\第8页-65.PNG,第8页-65.PNG,第8页-65.PNG,8,65,ed4f3a92b661788d508a0a3102fc3a10ecdc9917fb08e08e76561d708b0338d2,false,,公开信息表,公开信息表\6_第8页-65.PNG
6,D:\LX\tregecy\asset\pdf-素材\（提取图片）6（300g铜版纸,D:\LX\tregecy\asset\pdf-素材\（提取图片）6（300g铜版纸\第8页-66(1).PNG,第8页-66(1).PNG,第8页-66.PNG,8,66,dd67864c6f54a51402ffb7554fba1100d61c1035d06fd1be97b7ce4e1e1553d2,true,第8页-66.PNG,duplicates,duplicates\6_第8页-66.PNG
6,D:\LX\tregecy\asset\pdf-素材\（提取图片）6（300g铜版纸,D:\LX\tregecy\asset\pdf-素材\（提取图片）6（300g铜版纸\第8页-66.PNG,第8页-66.PNG,第8页-66.PNG,8,66,dd67864c6f54a51402ffb7554fba1100d61c1035d06fd1be97b7ce4e1e1553d2,false,,公开信息表,公开信息表\6_第8页-66.PNG
6,D:\LX\tregecy\asset\pdf-素材\（提取图片）6（300g铜版纸,D:\LX\tregecy\asset\pdf-素材\（提取图片）6（300g铜版纸\第8页-67(1).PNG,第8页-67(1).PNG,第8页-67.PNG,8,67,e6b4e08eea3c779faba686477520322ab1805b3266f275ea463d34353cf6f731,true,第8页-67.PNG,duplicates,duplicates\6_第8页-67.PNG
6,D:\LX\tregecy\asset\pdf-素材\（提取图片）6（300g铜版纸,D:\LX\tregecy\asset\pdf-素材\（提取图片）6（300g铜版纸\第8页-67.PNG,第8页-67.PNG,第8页-67.PNG,8,67,e6b4e08eea3c779faba686477520322ab1805b3266f275ea463d34353cf6f731,false,,公开信息表,公开信息表\6_第8页-67.PNG
6,D:\LX\tregecy\asset\pdf-素材\（提取图片）6（300g铜版纸,D:\LX\tregecy\asset\pdf-素材\（提取图片）6（300g铜版纸\第8页-68(1).PNG,第8页-68(1).PNG,第8页-68.PNG,8,68,c021673b84f919e387f0990bd5fdcd6fb7e63075a7082158ef7eeb6f76c524e5,true,第8页-68.PNG,duplicates,duplicates\6_第8页-68.PNG
6,D:\LX\tregecy\asset\pdf-素材\（提取图片）6（300g铜版纸,D:\LX\tregecy\asset\pdf-素材\（提取图片）6（300g铜版纸\第8页-68.PNG,第8页-68.PNG,第8页-68.PNG,8,68,c021673b84f919e387f0990bd5fdcd6fb7e63075a7082158ef7eeb6f76c524e5,false,,公开信息表,公开信息表\6_第8页-68.PNG
6,D:\LX\tregecy\asset\pdf-素材\（提取图片）6（300g铜版纸,D:\LX\tregecy\asset\pdf-素材\（提取图片）6（300g铜版纸\第8页-69(1).PNG,第8页-69(1).PNG,第8页-69.PNG,8,69,5b19bb637757ac952d1842617c695e270b6d896478f2097f2586cc9e6721b62f,true,第8页-69.PNG,duplicates,duplicates\6_第8页-69.PNG
6,D:\LX\tregecy\asset\pdf-素材\（提取图片）6（300g铜版纸,D:\LX\tregecy\asset\pdf-素材\（提取图片）6（300g铜版纸\第8页-69.PNG,第8页-69.PNG,第8页-69.PNG,8,69,5b19bb637757ac952d1842617c695e270b6d896478f2097f2586cc9e6721b62f,false,,公开信息表,公开信息表\6_第8页-69.PNG
6,D:\LX\tregecy\asset\pdf-素材\（提取图片）6（300g铜版纸,D:\LX\tregecy\asset\pdf-素材\（提取图片）6（300g铜版纸\第8页-70(1).PNG,第8页-70(1).PNG,第8页-70.PNG,8,70,2970223b66c8743d6e19400642fb9c895aa1fbdb729c4db0ac2f57e0f1304612,true,第8页-70.PNG,duplicates,duplicates\6_第8页-70.PNG
6,D:\LX\tregecy\asset\pdf-素材\（提取图片）6（300g铜版纸,D:\LX\tregecy\asset\pdf-素材\（提取图片）6（300g铜版纸\第8页-70.PNG,第8页-70.PNG,第8页-70.PNG,8,70,2970223b66c8743d6e19400642fb9c895aa1fbdb729c4db0ac2f57e0f1304612,false,,公开信息表,公开信息表\6_第8页-70.PNG
6,D:\LX\tregecy\asset\pdf-素材\（提取图片）6（300g铜版纸,D:\LX\tregecy\asset\pdf-素材\（提取图片）6（300g铜版纸\第8页-71(1).PNG,第8页-71(1).PNG,第8页-71.PNG,8,71,f3bd19f5857e3a9f145e6bccbf824eb99327e45f139003d4b5db18b1801062f5,true,第8页-71.PNG,duplicates,duplicates\6_第8页-71.PNG
6,D:\LX\tregecy\asset\pdf-素材\（提取图片）6（300g铜版纸,D:\LX\tregecy\asset\pdf-素材\（提取图片）6（300g铜版纸\第8页-71.PNG,第8页-71.PNG,第8页-71.PNG,8,71,f3bd19f5857e3a9f145e6bccbf824eb99327e45f139003d4b5db18b1801062f5,false,,公开信息表,公开信息表\6_第8页-71.PNG
6,D:\LX\tregecy\asset\pdf-素材\（提取图片）6（300g铜版纸,D:\LX\tregecy\asset\pdf-素材\（提取图片）6（300g铜版纸\第8页-72(1).PNG,第8页-72(1).PNG,第8页-72.PNG,8,72,90b160a4fbaa30442d69b595ea380a157199271470de756ef87f711e88ec0f0a,true,第8页-72.PNG,duplicates,duplicates\6_第8页-72.PNG
6,D:\LX\tregecy\asset\pdf-素材\（提取图片）6（300g铜版纸,D:\LX\tregecy\asset\pdf-素材\（提取图片）6（300g铜版纸\第8页-72.PNG,第8页-72.PNG,第8页-72.PNG,8,72,90b160a4fbaa30442d69b595ea380a157199271470de756ef87f711e88ec0f0a,false,,公开信息表,公开信息表\6_第8页-72.PNG
6,D:\LX\tregecy\asset\pdf-素材\（提取图片）6（300g铜版纸,D:\LX\tregecy\asset\pdf-素材\（提取图片）6（300g铜版纸\第9页-73(1).PNG,第9页-73(1).PNG,第9页-73.PNG,9,73,6b9f3d781346a77a115639e165929949e5c3b1cabbce97b13dc179d512845a0e,true,第9页-73.PNG,duplicates,duplicates\6_第9页-73.PNG
6,D:\LX\tregecy\asset\pdf-素材\（提取图片）6（300g铜版纸,D:\LX\tregecy\asset\pdf-素材\（提取图片）6（300g铜版纸\第9页-73.PNG,第9页-73.PNG,第9页-73.PNG,9,73,6b9f3d781346a77a115639e165929949e5c3b1cabbce97b13dc179d512845a0e,false,,公开信息表,公开信息表\6_第9页-73.PNG
6,D:\LX\tregecy\asset\pdf-素材\（提取图片）6（300g铜版纸,D:\LX\tregecy\asset\pdf-素材\（提取图片）6（300g铜版纸\第9页-74(1).PNG,第9页-74(1).PNG,第9页-74.PNG,9,74,f35d410e916cba7d5c88c4eb251f6b75b6ccc16207b17a956a09fb768880f04b,true,第9页-74.PNG,duplicates,duplicates\6_第9页-74.PNG
6,D:\LX\tregecy\asset\pdf-素材\（提取图片）6（300g铜版纸,D:\LX\tregecy\asset\pdf-素材\（提取图片）6（300g铜版纸\第9页-74.PNG,第9页-74.PNG,第9页-74.PNG,9,74,f35d410e916cba7d5c88c4eb251f6b75b6ccc16207b17a956a09fb768880f04b,false,,公开信息表,公开信息表\6_第9页-74.PNG
6,D:\LX\tregecy\asset\pdf-素材\（提取图片）6（300g铜版纸,D:\LX\tregecy\asset\pdf-素材\（提取图片）6（300g铜版纸\第9页-75(1).PNG,第9页-75(1).PNG,第9页-75.PNG,9,75,20414c798dd171aa37d71071e43f8eb36d8a7a8e50866fadd3ebbf4618d74b81,true,第9页-75.PNG,duplicates,duplicates\6_第9页-75.PNG
6,D:\LX\tregecy\asset\pdf-素材\（提取图片）6（300g铜版纸,D:\LX\tregecy\asset\pdf-素材\（提取图片）6（300g铜版纸\第9页-75.PNG,第9页-75.PNG,第9页-75.PNG,9,75,20414c798dd171aa37d71071e43f8eb36d8a7a8e50866fadd3ebbf4618d74b81,false,,公开信息表,公开信息表\6_第9页-75.PNG
6,D:\LX\tregecy\asset\pdf-素材\（提取图片）6（300g铜版纸,D:\LX\tregecy\asset\pdf-素材\（提取图片）6（300g铜版纸\第9页-76(1).PNG,第9页-76(1).PNG,第9页-76.PNG,9,76,edfad96ae243800113158b506c672b9bdd0a079699d94f94ab34e270b84482c3,true,第9页-76.PNG,duplicates,duplicates\6_第9页-76.PNG
6,D:\LX\tregecy\asset\pdf-素材\（提取图片）6（300g铜版纸,D:\LX\tregecy\asset\pdf-素材\（提取图片）6（300g铜版纸\第9页-76.PNG,第9页-76.PNG,第9页-76.PNG,9,76,edfad96ae243800113158b506c672b9bdd0a079699d94f94ab34e270b84482c3,false,,公开信息表,公开信息表\6_第9页-76.PNG
6,D:\LX\tregecy\asset\pdf-素材\（提取图片）6（300g铜版纸,D:\LX\tregecy\asset\pdf-素材\（提取图片）6（300g铜版纸\第9页-77(1).PNG,第9页-77(1).PNG,第9页-77.PNG,9,77,6498ff29d53727007bea80d3433b3e2ea7b499c833120ec3ea638aae0cf2cdf8,true,第9页-77.PNG,duplicates,duplicates\6_第9页-77.PNG
6,D:\LX\tregecy\asset\pdf-素材\（提取图片）6（300g铜版纸,D:\LX\tregecy\asset\pdf-素材\（提取图片）6（300g铜版纸\第9页-77.PNG,第9页-77.PNG,第9页-77.PNG,9,77,6498ff29d53727007bea80d3433b3e2ea7b499c833120ec3ea638aae0cf2cdf8,false,,公开信息表,公开信息表\6_第9页-77.PNG
6,D:\LX\tregecy\asset\pdf-素材\（提取图片）6（300g铜版纸,D:\LX\tregecy\asset\pdf-素材\（提取图片）6（300g铜版纸\第9页-78(1).PNG,第9页-78(1).PNG,第9页-78.PNG,9,78,9ad919e1c11879df64fa860ae4d326fdd979843694747942011e99794c096634,true,第9页-78.PNG,duplicates,duplicates\6_第9页-78.PNG
6,D:\LX\tregecy\asset\pdf-素材\（提取图片）6（300g铜版纸,D:\LX\tregecy\asset\pdf-素材\（提取图片）6（300g铜版纸\第9页-78.PNG,第9页-78.PNG,第9页-78.PNG,9,78,9ad919e1c11879df64fa860ae4d326fdd979843694747942011e99794c096634,false,,公开信息表,公开信息表\6_第9页-78.PNG
6,D:\LX\tregecy\asset\pdf-素材\（提取图片）6（300g铜版纸,D:\LX\tregecy\asset\pdf-素材\（提取图片）6（300g铜版纸\第9页-79(1).PNG,第9页-79(1).PNG,第9页-79.PNG,9,79,768fcc8ea360c589c318890c7c94d92d422314a55de15f7953a293189e75cca4,true,第9页-79.PNG,duplicates,duplicates\6_第9页-79.PNG
6,D:\LX\tregecy\asset\pdf-素材\（提取图片）6（300g铜版纸,D:\LX\tregecy\asset\pdf-素材\（提取图片）6（300g铜版纸\第9页-79.PNG,第9页-79.PNG,第9页-79.PNG,9,79,768fcc8ea360c589c318890c7c94d92d422314a55de15f7953a293189e75cca4,false,,公开信息表,公开信息表\6_第9页-79.PNG
6,D:\LX\tregecy\asset\pdf-素材\（提取图片）6（300g铜版纸,D:\LX\tregecy\asset\pdf-素材\（提取图片）6（300g铜版纸\第9页-80(1).PNG,第9页-80(1).PNG,第9页-80.PNG,9,80,e6cfad0d7fc9f9eb57ba3d3093487387490a61effb594b9954cbc482dc8f111b,true,第9页-80.PNG,duplicates,duplicates\6_第9页-80.PNG
6,D:\LX\tregecy\asset\pdf-素材\（提取图片）6（300g铜版纸,D:\LX\tregecy\asset\pdf-素材\（提取图片）6（300g铜版纸\第9页-80.PNG,第9页-80.PNG,第9页-80.PNG,9,80,e6cfad0d7fc9f9eb57ba3d3093487387490a61effb594b9954cbc482dc8f111b,false,,公开信息表,公开信息表\6_第9页-80.PNG
6,D:\LX\tregecy\asset\pdf-素材\（提取图片）6（300g铜版纸,D:\LX\tregecy\asset\pdf-素材\（提取图片）6（300g铜版纸\第9页-81(1).PNG,第9页-81(1).PNG,第9页-81.PNG,9,81,d3be7bdd3fd689dc10dfb7efd0cb4c875d1d4c670e7bbf9465278b3bb99811c5,true,第9页-81.PNG,duplicates,duplicates\6_第9页-81.PNG
6,D:\LX\tregecy\asset\pdf-素材\（提取图片）6（300g铜版纸,D:\LX\tregecy\asset\pdf-素材\（提取图片）6（300g铜版纸\第9页-81.PNG,第9页-81.PNG,第9页-81.PNG,9,81,d3be7bdd3fd689dc10dfb7efd0cb4c875d1d4c670e7bbf9465278b3bb99811c5,false,,公开信息表,公开信息表\6_第9页-81.PNG
7,D:\LX\tregecy\asset\pdf-素材\（提取图片）7（普通彩印,D:\LX\tregecy\asset\pdf-素材\（提取图片）7（普通彩印\第10页-52(1).PNG,第10页-52(1).PNG,第10页-52.PNG,10,52,27b0927a4648f695723b98bf948516e0633ff3732b6552a493f063139575a929,true,第10页-52.PNG,duplicates,duplicates\7_第10页-52.PNG
7,D:\LX\tregecy\asset\pdf-素材\（提取图片）7（普通彩印,D:\LX\tregecy\asset\pdf-素材\（提取图片）7（普通彩印\第10页-52(2).PNG,第10页-52(2).PNG,第10页-52.PNG,10,52,27b0927a4648f695723b98bf948516e0633ff3732b6552a493f063139575a929,true,第10页-52.PNG,duplicates,duplicates\7_第10页-52__2.PNG
7,D:\LX\tregecy\asset\pdf-素材\（提取图片）7（普通彩印,D:\LX\tregecy\asset\pdf-素材\（提取图片）7（普通彩印\第10页-52(3).PNG,第10页-52(3).PNG,第10页-52.PNG,10,52,27b0927a4648f695723b98bf948516e0633ff3732b6552a493f063139575a929,true,第10页-52.PNG,duplicates,duplicates\7_第10页-52__3.PNG
7,D:\LX\tregecy\asset\pdf-素材\（提取图片）7（普通彩印,D:\LX\tregecy\asset\pdf-素材\（提取图片）7（普通彩印\第10页-52.PNG,第10页-52.PNG,第10页-52.PNG,10,52,27b0927a4648f695723b98bf948516e0633ff3732b6552a493f063139575a929,false,,卡背,卡背\7_第10页-52.PNG
7,D:\LX\tregecy\asset\pdf-素材\（提取图片）7（普通彩印,D:\LX\tregecy\asset\pdf-素材\（提取图片）7（普通彩印\第10页-53(1).PNG,第10页-53(1).PNG,第10页-53.PNG,10,53,cc64a461e2c049f6fc0b8ff1776ca6aeb608accad2d23d25a4738a406b08897e,true,第10页-53.PNG,duplicates,duplicates\7_第10页-53.PNG
7,D:\LX\tregecy\asset\pdf-素材\（提取图片）7（普通彩印,D:\LX\tregecy\asset\pdf-素材\（提取图片）7（普通彩印\第10页-53(2).PNG,第10页-53(2).PNG,第10页-53.PNG,10,53,cc64a461e2c049f6fc0b8ff1776ca6aeb608accad2d23d25a4738a406b08897e,true,第10页-53.PNG,duplicates,duplicates\7_第10页-53__2.PNG
7,D:\LX\tregecy\asset\pdf-素材\（提取图片）7（普通彩印,D:\LX\tregecy\asset\pdf-素材\（提取图片）7（普通彩印\第10页-53(3).PNG,第10页-53(3).PNG,第10页-53.PNG,10,53,cc64a461e2c049f6fc0b8ff1776ca6aeb608accad2d23d25a4738a406b08897e,true,第10页-53.PNG,duplicates,duplicates\7_第10页-53__3.PNG
7,D:\LX\tregecy\asset\pdf-素材\（提取图片）7（普通彩印,D:\LX\tregecy\asset\pdf-素材\（提取图片）7（普通彩印\第10页-53.PNG,第10页-53.PNG,第10页-53.PNG,10,53,cc64a461e2c049f6fc0b8ff1776ca6aeb608accad2d23d25a4738a406b08897e,false,,卡背,卡背\7_第10页-53.PNG
7,D:\LX\tregecy\asset\pdf-素材\（提取图片）7（普通彩印,D:\LX\tregecy\asset\pdf-素材\（提取图片）7（普通彩印\第10页-54(1).PNG,第10页-54(1).PNG,第10页-54.PNG,10,54,dec559bb56781857070575f13854f1664e01c5483407e5f04cc68c084f1c8ee6,true,第10页-54.PNG,duplicates,duplicates\7_第10页-54.PNG
7,D:\LX\tregecy\asset\pdf-素材\（提取图片）7（普通彩印,D:\LX\tregecy\asset\pdf-素材\（提取图片）7（普通彩印\第10页-54(2).PNG,第10页-54(2).PNG,第10页-54.PNG,10,54,dec559bb56781857070575f13854f1664e01c5483407e5f04cc68c084f1c8ee6,true,第10页-54.PNG,duplicates,duplicates\7_第10页-54__2.PNG
7,D:\LX\tregecy\asset\pdf-素材\（提取图片）7（普通彩印,D:\LX\tregecy\asset\pdf-素材\（提取图片）7（普通彩印\第10页-54(3).PNG,第10页-54(3).PNG,第10页-54.PNG,10,54,dec559bb56781857070575f13854f1664e01c5483407e5f04cc68c084f1c8ee6,true,第10页-54.PNG,duplicates,duplicates\7_第10页-54__3.PNG
7,D:\LX\tregecy\asset\pdf-素材\（提取图片）7（普通彩印,D:\LX\tregecy\asset\pdf-素材\（提取图片）7（普通彩印\第10页-54.PNG,第10页-54.PNG,第10页-54.PNG,10,54,dec559bb56781857070575f13854f1664e01c5483407e5f04cc68c084f1c8ee6,false,,卡背,卡背\7_第10页-54.PNG
7,D:\LX\tregecy\asset\pdf-素材\（提取图片）7（普通彩印,D:\LX\tregecy\asset\pdf-素材\（提取图片）7（普通彩印\第10页-55(1).PNG,第10页-55(1).PNG,第10页-55.PNG,10,55,40c8537f66a3f8cc31c2116b06ed87b747d5f9bf20251dba8cb5fcc6fbac6d1f,true,第10页-55.PNG,duplicates,duplicates\7_第10页-55.PNG
7,D:\LX\tregecy\asset\pdf-素材\（提取图片）7（普通彩印,D:\LX\tregecy\asset\pdf-素材\（提取图片）7（普通彩印\第10页-55(2).PNG,第10页-55(2).PNG,第10页-55.PNG,10,55,40c8537f66a3f8cc31c2116b06ed87b747d5f9bf20251dba8cb5fcc6fbac6d1f,true,第10页-55.PNG,duplicates,duplicates\7_第10页-55__2.PNG
7,D:\LX\tregecy\asset\pdf-素材\（提取图片）7（普通彩印,D:\LX\tregecy\asset\pdf-素材\（提取图片）7（普通彩印\第10页-55(3).PNG,第10页-55(3).PNG,第10页-55.PNG,10,55,40c8537f66a3f8cc31c2116b06ed87b747d5f9bf20251dba8cb5fcc6fbac6d1f,true,第10页-55.PNG,duplicates,duplicates\7_第10页-55__3.PNG
7,D:\LX\tregecy\asset\pdf-素材\（提取图片）7（普通彩印,D:\LX\tregecy\asset\pdf-素材\（提取图片）7（普通彩印\第10页-55.PNG,第10页-55.PNG,第10页-55.PNG,10,55,40c8537f66a3f8cc31c2116b06ed87b747d5f9bf20251dba8cb5fcc6fbac6d1f,false,,卡背,卡背\7_第10页-55.PNG
7,D:\LX\tregecy\asset\pdf-素材\（提取图片）7（普通彩印,D:\LX\tregecy\asset\pdf-素材\（提取图片）7（普通彩印\第10页-56(1).PNG,第10页-56(1).PNG,第10页-56.PNG,10,56,f45a18c7b4a7a162b9ce92faa59035ca200c7d7cd4537984066b9d9b6148c7f2,true,第10页-56.PNG,duplicates,duplicates\7_第10页-56.PNG
7,D:\LX\tregecy\asset\pdf-素材\（提取图片）7（普通彩印,D:\LX\tregecy\asset\pdf-素材\（提取图片）7（普通彩印\第10页-56(2).PNG,第10页-56(2).PNG,第10页-56.PNG,10,56,f45a18c7b4a7a162b9ce92faa59035ca200c7d7cd4537984066b9d9b6148c7f2,true,第10页-56.PNG,duplicates,duplicates\7_第10页-56__2.PNG
7,D:\LX\tregecy\asset\pdf-素材\（提取图片）7（普通彩印,D:\LX\tregecy\asset\pdf-素材\（提取图片）7（普通彩印\第10页-56(3).PNG,第10页-56(3).PNG,第10页-56.PNG,10,56,f45a18c7b4a7a162b9ce92faa59035ca200c7d7cd4537984066b9d9b6148c7f2,true,第10页-56.PNG,duplicates,duplicates\7_第10页-56__3.PNG
7,D:\LX\tregecy\asset\pdf-素材\（提取图片）7（普通彩印,D:\LX\tregecy\asset\pdf-素材\（提取图片）7（普通彩印\第10页-56.PNG,第10页-56.PNG,第10页-56.PNG,10,56,f45a18c7b4a7a162b9ce92faa59035ca200c7d7cd4537984066b9d9b6148c7f2,false,,卡背,卡背\7_第10页-56.PNG
7,D:\LX\tregecy\asset\pdf-素材\（提取图片）7（普通彩印,D:\LX\tregecy\asset\pdf-素材\（提取图片）7（普通彩印\第10页-57(1).PNG,第10页-57(1).PNG,第10页-57.PNG,10,57,fcdec806f5e22b4a070fb5b01abb0b21ef098af71af8ffacc06b93636c5e547a,true,第10页-57.PNG,duplicates,duplicates\7_第10页-57.PNG
7,D:\LX\tregecy\asset\pdf-素材\（提取图片）7（普通彩印,D:\LX\tregecy\asset\pdf-素材\（提取图片）7（普通彩印\第10页-57(2).PNG,第10页-57(2).PNG,第10页-57.PNG,10,57,fcdec806f5e22b4a070fb5b01abb0b21ef098af71af8ffacc06b93636c5e547a,true,第10页-57.PNG,duplicates,duplicates\7_第10页-57__2.PNG
7,D:\LX\tregecy\asset\pdf-素材\（提取图片）7（普通彩印,D:\LX\tregecy\asset\pdf-素材\（提取图片）7（普通彩印\第10页-57(3).PNG,第10页-57(3).PNG,第10页-57.PNG,10,57,fcdec806f5e22b4a070fb5b01abb0b21ef098af71af8ffacc06b93636c5e547a,true,第10页-57.PNG,duplicates,duplicates\7_第10页-57__3.PNG
7,D:\LX\tregecy\asset\pdf-素材\（提取图片）7（普通彩印,D:\LX\tregecy\asset\pdf-素材\（提取图片）7（普通彩印\第10页-57.PNG,第10页-57.PNG,第10页-57.PNG,10,57,fcdec806f5e22b4a070fb5b01abb0b21ef098af71af8ffacc06b93636c5e547a,false,,卡背,卡背\7_第10页-57.PNG
7,D:\LX\tregecy\asset\pdf-素材\（提取图片）7（普通彩印,D:\LX\tregecy\asset\pdf-素材\（提取图片）7（普通彩印\第10页-58(1).PNG,第10页-58(1).PNG,第10页-58.PNG,10,58,96355ade3fcdf1a8dbbc8eb358703b91ba5f19cd9f9a146b93cfd52ca40dabd6,true,第10页-58.PNG,duplicates,duplicates\7_第10页-58.PNG
7,D:\LX\tregecy\asset\pdf-素材\（提取图片）7（普通彩印,D:\LX\tregecy\asset\pdf-素材\（提取图片）7（普通彩印\第10页-58(2).PNG,第10页-58(2).PNG,第10页-58.PNG,10,58,96355ade3fcdf1a8dbbc8eb358703b91ba5f19cd9f9a146b93cfd52ca40dabd6,true,第10页-58.PNG,duplicates,duplicates\7_第10页-58__2.PNG
7,D:\LX\tregecy\asset\pdf-素材\（提取图片）7（普通彩印,D:\LX\tregecy\asset\pdf-素材\（提取图片）7（普通彩印\第10页-58(3).PNG,第10页-58(3).PNG,第10页-58.PNG,10,58,96355ade3fcdf1a8dbbc8eb358703b91ba5f19cd9f9a146b93cfd52ca40dabd6,true,第10页-58.PNG,duplicates,duplicates\7_第10页-58__3.PNG
7,D:\LX\tregecy\asset\pdf-素材\（提取图片）7（普通彩印,D:\LX\tregecy\asset\pdf-素材\（提取图片）7（普通彩印\第10页-58.PNG,第10页-58.PNG,第10页-58.PNG,10,58,96355ade3fcdf1a8dbbc8eb358703b91ba5f19cd9f9a146b93cfd52ca40dabd6,false,,卡背,卡背\7_第10页-58.PNG
7,D:\LX\tregecy\asset\pdf-素材\（提取图片）7（普通彩印,D:\LX\tregecy\asset\pdf-素材\（提取图片）7（普通彩印\第1页-1(1).PNG,第1页-1(1).PNG,第1页-1.PNG,1,1,4f7e90bed5f40af50b145ad2bb2197f57db921c06097be34661b1d8aebcdc9f3,true,第1页-1.PNG,duplicates,duplicates\7_第1页-1.PNG
7,D:\LX\tregecy\asset\pdf-素材\（提取图片）7（普通彩印,D:\LX\tregecy\asset\pdf-素材\（提取图片）7（普通彩印\第1页-1(2).PNG,第1页-1(2).PNG,第1页-1.PNG,1,1,4f7e90bed5f40af50b145ad2bb2197f57db921c06097be34661b1d8aebcdc9f3,true,第1页-1.PNG,duplicates,duplicates\7_第1页-1__2.PNG
7,D:\LX\tregecy\asset\pdf-素材\（提取图片）7（普通彩印,D:\LX\tregecy\asset\pdf-素材\（提取图片）7（普通彩印\第1页-1(3).PNG,第1页-1(3).PNG,第1页-1.PNG,1,1,4f7e90bed5f40af50b145ad2bb2197f57db921c06097be34661b1d8aebcdc9f3,true,第1页-1.PNG,duplicates,duplicates\7_第1页-1__3.PNG
7,D:\LX\tregecy\asset\pdf-素材\（提取图片）7（普通彩印,D:\LX\tregecy\asset\pdf-素材\（提取图片）7（普通彩印\第1页-1.PNG,第1页-1.PNG,第1页-1.PNG,1,1,4f7e90bed5f40af50b145ad2bb2197f57db921c06097be34661b1d8aebcdc9f3,false,,卡背,卡背\7_第1页-1.PNG
7,D:\LX\tregecy\asset\pdf-素材\（提取图片）7（普通彩印,D:\LX\tregecy\asset\pdf-素材\（提取图片）7（普通彩印\第2页-2(1).PNG,第2页-2(1).PNG,第2页-2.PNG,2,2,5aee2067a1b4290bf161eeae0010415048d61d4dbbe3e88467d8d5772ffab429,true,第2页-2.PNG,duplicates,duplicates\7_第2页-2.PNG
7,D:\LX\tregecy\asset\pdf-素材\（提取图片）7（普通彩印,D:\LX\tregecy\asset\pdf-素材\（提取图片）7（普通彩印\第2页-2(2).PNG,第2页-2(2).PNG,第2页-2.PNG,2,2,5aee2067a1b4290bf161eeae0010415048d61d4dbbe3e88467d8d5772ffab429,true,第2页-2.PNG,duplicates,duplicates\7_第2页-2__2.PNG
7,D:\LX\tregecy\asset\pdf-素材\（提取图片）7（普通彩印,D:\LX\tregecy\asset\pdf-素材\（提取图片）7（普通彩印\第2页-2(3).PNG,第2页-2(3).PNG,第2页-2.PNG,2,2,5aee2067a1b4290bf161eeae0010415048d61d4dbbe3e88467d8d5772ffab429,true,第2页-2.PNG,duplicates,duplicates\7_第2页-2__3.PNG
7,D:\LX\tregecy\asset\pdf-素材\（提取图片）7（普通彩印,D:\LX\tregecy\asset\pdf-素材\（提取图片）7（普通彩印\第2页-2.PNG,第2页-2.PNG,第2页-2.PNG,2,2,5aee2067a1b4290bf161eeae0010415048d61d4dbbe3e88467d8d5772ffab429,false,,卡背,卡背\7_第2页-2.PNG
7,D:\LX\tregecy\asset\pdf-素材\（提取图片）7（普通彩印,D:\LX\tregecy\asset\pdf-素材\（提取图片）7（普通彩印\第3页-3(1).PNG,第3页-3(1).PNG,第3页-3.PNG,3,3,a4e25a45b02ce4892bf2f9b618df30b1d66223b899515b138cd6b793666e6a09,true,第3页-3.PNG,duplicates,duplicates\7_第3页-3.PNG
7,D:\LX\tregecy\asset\pdf-素材\（提取图片）7（普通彩印,D:\LX\tregecy\asset\pdf-素材\（提取图片）7（普通彩印\第3页-3(2).PNG,第3页-3(2).PNG,第3页-3.PNG,3,3,a4e25a45b02ce4892bf2f9b618df30b1d66223b899515b138cd6b793666e6a09,true,第3页-3.PNG,duplicates,duplicates\7_第3页-3__2.PNG
7,D:\LX\tregecy\asset\pdf-素材\（提取图片）7（普通彩印,D:\LX\tregecy\asset\pdf-素材\（提取图片）7（普通彩印\第3页-3(3).PNG,第3页-3(3).PNG,第3页-3.PNG,3,3,a4e25a45b02ce4892bf2f9b618df30b1d66223b899515b138cd6b793666e6a09,true,第3页-3.PNG,duplicates,duplicates\7_第3页-3__3.PNG
7,D:\LX\tregecy\asset\pdf-素材\（提取图片）7（普通彩印,D:\LX\tregecy\asset\pdf-素材\（提取图片）7（普通彩印\第3页-3.PNG,第3页-3.PNG,第3页-3.PNG,3,3,a4e25a45b02ce4892bf2f9b618df30b1d66223b899515b138cd6b793666e6a09,false,,卡背,卡背\7_第3页-3.PNG
7,D:\LX\tregecy\asset\pdf-素材\（提取图片）7（普通彩印,D:\LX\tregecy\asset\pdf-素材\（提取图片）7（普通彩印\第3页-4(1).PNG,第3页-4(1).PNG,第3页-4.PNG,3,4,be2b6e0444a4c1ee4748d3afff6b788290df82c68368dbbda01089d344baa4a8,true,第3页-4.PNG,duplicates,duplicates\7_第3页-4.PNG
7,D:\LX\tregecy\asset\pdf-素材\（提取图片）7（普通彩印,D:\LX\tregecy\asset\pdf-素材\（提取图片）7（普通彩印\第3页-4(2).PNG,第3页-4(2).PNG,第3页-4.PNG,3,4,be2b6e0444a4c1ee4748d3afff6b788290df82c68368dbbda01089d344baa4a8,true,第3页-4.PNG,duplicates,duplicates\7_第3页-4__2.PNG
7,D:\LX\tregecy\asset\pdf-素材\（提取图片）7（普通彩印,D:\LX\tregecy\asset\pdf-素材\（提取图片）7（普通彩印\第3页-4(3).PNG,第3页-4(3).PNG,第3页-4.PNG,3,4,be2b6e0444a4c1ee4748d3afff6b788290df82c68368dbbda01089d344baa4a8,true,第3页-4.PNG,duplicates,duplicates\7_第3页-4__3.PNG
7,D:\LX\tregecy\asset\pdf-素材\（提取图片）7（普通彩印,D:\LX\tregecy\asset\pdf-素材\（提取图片）7（普通彩印\第3页-4.PNG,第3页-4.PNG,第3页-4.PNG,3,4,be2b6e0444a4c1ee4748d3afff6b788290df82c68368dbbda01089d344baa4a8,false,,卡背,卡背\7_第3页-4.PNG
7,D:\LX\tregecy\asset\pdf-素材\（提取图片）7（普通彩印,D:\LX\tregecy\asset\pdf-素材\（提取图片）7（普通彩印\第4页-5(1).PNG,第4页-5(1).PNG,第4页-5.PNG,4,5,57610a1a10cea8473109e1876f4cde10fe51a29c9e8a8f1211a2db3d054d5b64,true,第4页-5.PNG,duplicates,duplicates\7_第4页-5.PNG
7,D:\LX\tregecy\asset\pdf-素材\（提取图片）7（普通彩印,D:\LX\tregecy\asset\pdf-素材\（提取图片）7（普通彩印\第4页-5(2).PNG,第4页-5(2).PNG,第4页-5.PNG,4,5,57610a1a10cea8473109e1876f4cde10fe51a29c9e8a8f1211a2db3d054d5b64,true,第4页-5.PNG,duplicates,duplicates\7_第4页-5__2.PNG
7,D:\LX\tregecy\asset\pdf-素材\（提取图片）7（普通彩印,D:\LX\tregecy\asset\pdf-素材\（提取图片）7（普通彩印\第4页-5(3).PNG,第4页-5(3).PNG,第4页-5.PNG,4,5,57610a1a10cea8473109e1876f4cde10fe51a29c9e8a8f1211a2db3d054d5b64,true,第4页-5.PNG,duplicates,duplicates\7_第4页-5__3.PNG
7,D:\LX\tregecy\asset\pdf-素材\（提取图片）7（普通彩印,D:\LX\tregecy\asset\pdf-素材\（提取图片）7（普通彩印\第4页-5.PNG,第4页-5.PNG,第4页-5.PNG,4,5,57610a1a10cea8473109e1876f4cde10fe51a29c9e8a8f1211a2db3d054d5b64,false,,卡背,卡背\7_第4页-5.PNG
7,D:\LX\tregecy\asset\pdf-素材\（提取图片）7（普通彩印,D:\LX\tregecy\asset\pdf-素材\（提取图片）7（普通彩印\第4页-6(1).PNG,第4页-6(1).PNG,第4页-6.PNG,4,6,5b59ece49fc9b694d2cdb6cfd7f8b2b8894528eee9d89bbb93a846b4f53925f0,true,第4页-6.PNG,duplicates,duplicates\7_第4页-6.PNG
7,D:\LX\tregecy\asset\pdf-素材\（提取图片）7（普通彩印,D:\LX\tregecy\asset\pdf-素材\（提取图片）7（普通彩印\第4页-6(2).PNG,第4页-6(2).PNG,第4页-6.PNG,4,6,5b59ece49fc9b694d2cdb6cfd7f8b2b8894528eee9d89bbb93a846b4f53925f0,true,第4页-6.PNG,duplicates,duplicates\7_第4页-6__2.PNG
7,D:\LX\tregecy\asset\pdf-素材\（提取图片）7（普通彩印,D:\LX\tregecy\asset\pdf-素材\（提取图片）7（普通彩印\第4页-6(3).PNG,第4页-6(3).PNG,第4页-6.PNG,4,6,5b59ece49fc9b694d2cdb6cfd7f8b2b8894528eee9d89bbb93a846b4f53925f0,true,第4页-6.PNG,duplicates,duplicates\7_第4页-6__3.PNG
7,D:\LX\tregecy\asset\pdf-素材\（提取图片）7（普通彩印,D:\LX\tregecy\asset\pdf-素材\（提取图片）7（普通彩印\第4页-6.PNG,第4页-6.PNG,第4页-6.PNG,4,6,5b59ece49fc9b694d2cdb6cfd7f8b2b8894528eee9d89bbb93a846b4f53925f0,false,,卡背,卡背\7_第4页-6.PNG
7,D:\LX\tregecy\asset\pdf-素材\（提取图片）7（普通彩印,D:\LX\tregecy\asset\pdf-素材\（提取图片）7（普通彩印\第5页-10(1).PNG,第5页-10(1).PNG,第5页-10.PNG,5,10,0bc1d81dc3b1532de0daf2f6336d746d4b5b42bda02608650fd5d3815482edeb,true,第5页-10.PNG,duplicates,duplicates\7_第5页-10.PNG
7,D:\LX\tregecy\asset\pdf-素材\（提取图片）7（普通彩印,D:\LX\tregecy\asset\pdf-素材\（提取图片）7（普通彩印\第5页-10(2).PNG,第5页-10(2).PNG,第5页-10.PNG,5,10,0bc1d81dc3b1532de0daf2f6336d746d4b5b42bda02608650fd5d3815482edeb,true,第5页-10.PNG,duplicates,duplicates\7_第5页-10__2.PNG
7,D:\LX\tregecy\asset\pdf-素材\（提取图片）7（普通彩印,D:\LX\tregecy\asset\pdf-素材\（提取图片）7（普通彩印\第5页-10(3).PNG,第5页-10(3).PNG,第5页-10.PNG,5,10,0bc1d81dc3b1532de0daf2f6336d746d4b5b42bda02608650fd5d3815482edeb,true,第5页-10.PNG,duplicates,duplicates\7_第5页-10__3.PNG
7,D:\LX\tregecy\asset\pdf-素材\（提取图片）7（普通彩印,D:\LX\tregecy\asset\pdf-素材\（提取图片）7（普通彩印\第5页-10.PNG,第5页-10.PNG,第5页-10.PNG,5,10,0bc1d81dc3b1532de0daf2f6336d746d4b5b42bda02608650fd5d3815482edeb,false,,卡背,卡背\7_第5页-10.PNG
7,D:\LX\tregecy\asset\pdf-素材\（提取图片）7（普通彩印,D:\LX\tregecy\asset\pdf-素材\（提取图片）7（普通彩印\第5页-11(1).PNG,第5页-11(1).PNG,第5页-11.PNG,5,11,6164398381489769d0c3895aea405c7d4e0db68b5673502f3500e5b1df759356,true,第5页-11.PNG,duplicates,duplicates\7_第5页-11.PNG
7,D:\LX\tregecy\asset\pdf-素材\（提取图片）7（普通彩印,D:\LX\tregecy\asset\pdf-素材\（提取图片）7（普通彩印\第5页-11(2).PNG,第5页-11(2).PNG,第5页-11.PNG,5,11,6164398381489769d0c3895aea405c7d4e0db68b5673502f3500e5b1df759356,true,第5页-11.PNG,duplicates,duplicates\7_第5页-11__2.PNG
7,D:\LX\tregecy\asset\pdf-素材\（提取图片）7（普通彩印,D:\LX\tregecy\asset\pdf-素材\（提取图片）7（普通彩印\第5页-11(3).PNG,第5页-11(3).PNG,第5页-11.PNG,5,11,6164398381489769d0c3895aea405c7d4e0db68b5673502f3500e5b1df759356,true,第5页-11.PNG,duplicates,duplicates\7_第5页-11__3.PNG
7,D:\LX\tregecy\asset\pdf-素材\（提取图片）7（普通彩印,D:\LX\tregecy\asset\pdf-素材\（提取图片）7（普通彩印\第5页-11.PNG,第5页-11.PNG,第5页-11.PNG,5,11,6164398381489769d0c3895aea405c7d4e0db68b5673502f3500e5b1df759356,false,,卡背,卡背\7_第5页-11.PNG
7,D:\LX\tregecy\asset\pdf-素材\（提取图片）7（普通彩印,D:\LX\tregecy\asset\pdf-素材\（提取图片）7（普通彩印\第5页-12(1).PNG,第5页-12(1).PNG,第5页-12.PNG,5,12,8272ecdfbec7236db2ac57d9ed0de1b745bbff2d387bfbaf456c62a1886e4a68,true,第5页-12.PNG,duplicates,duplicates\7_第5页-12.PNG
7,D:\LX\tregecy\asset\pdf-素材\（提取图片）7（普通彩印,D:\LX\tregecy\asset\pdf-素材\（提取图片）7（普通彩印\第5页-12(2).PNG,第5页-12(2).PNG,第5页-12.PNG,5,12,8272ecdfbec7236db2ac57d9ed0de1b745bbff2d387bfbaf456c62a1886e4a68,true,第5页-12.PNG,duplicates,duplicates\7_第5页-12__2.PNG
7,D:\LX\tregecy\asset\pdf-素材\（提取图片）7（普通彩印,D:\LX\tregecy\asset\pdf-素材\（提取图片）7（普通彩印\第5页-12(3).PNG,第5页-12(3).PNG,第5页-12.PNG,5,12,8272ecdfbec7236db2ac57d9ed0de1b745bbff2d387bfbaf456c62a1886e4a68,true,第5页-12.PNG,duplicates,duplicates\7_第5页-12__3.PNG
7,D:\LX\tregecy\asset\pdf-素材\（提取图片）7（普通彩印,D:\LX\tregecy\asset\pdf-素材\（提取图片）7（普通彩印\第5页-12.PNG,第5页-12.PNG,第5页-12.PNG,5,12,8272ecdfbec7236db2ac57d9ed0de1b745bbff2d387bfbaf456c62a1886e4a68,false,,卡背,卡背\7_第5页-12.PNG
7,D:\LX\tregecy\asset\pdf-素材\（提取图片）7（普通彩印,D:\LX\tregecy\asset\pdf-素材\（提取图片）7（普通彩印\第5页-13(1).PNG,第5页-13(1).PNG,第5页-13.PNG,5,13,e947a41297570f703dc07f375790f5d229e0b6ccc0d5bc5a13872afa999daadb,true,第5页-13.PNG,duplicates,duplicates\7_第5页-13.PNG
7,D:\LX\tregecy\asset\pdf-素材\（提取图片）7（普通彩印,D:\LX\tregecy\asset\pdf-素材\（提取图片）7（普通彩印\第5页-13(2).PNG,第5页-13(2).PNG,第5页-13.PNG,5,13,e947a41297570f703dc07f375790f5d229e0b6ccc0d5bc5a13872afa999daadb,true,第5页-13.PNG,duplicates,duplicates\7_第5页-13__2.PNG
7,D:\LX\tregecy\asset\pdf-素材\（提取图片）7（普通彩印,D:\LX\tregecy\asset\pdf-素材\（提取图片）7（普通彩印\第5页-13(3).PNG,第5页-13(3).PNG,第5页-13.PNG,5,13,e947a41297570f703dc07f375790f5d229e0b6ccc0d5bc5a13872afa999daadb,true,第5页-13.PNG,duplicates,duplicates\7_第5页-13__3.PNG
7,D:\LX\tregecy\asset\pdf-素材\（提取图片）7（普通彩印,D:\LX\tregecy\asset\pdf-素材\（提取图片）7（普通彩印\第5页-13.PNG,第5页-13.PNG,第5页-13.PNG,5,13,e947a41297570f703dc07f375790f5d229e0b6ccc0d5bc5a13872afa999daadb,false,,卡背,卡背\7_第5页-13.PNG
7,D:\LX\tregecy\asset\pdf-素材\（提取图片）7（普通彩印,D:\LX\tregecy\asset\pdf-素材\（提取图片）7（普通彩印\第5页-14(1).PNG,第5页-14(1).PNG,第5页-14.PNG,5,14,b91abddf97ad0eef370189daa3e752264a56ffdd0201b88a5425ffadb4f582e1,true,第5页-14.PNG,duplicates,duplicates\7_第5页-14.PNG
7,D:\LX\tregecy\asset\pdf-素材\（提取图片）7（普通彩印,D:\LX\tregecy\asset\pdf-素材\（提取图片）7（普通彩印\第5页-14(2).PNG,第5页-14(2).PNG,第5页-14.PNG,5,14,b91abddf97ad0eef370189daa3e752264a56ffdd0201b88a5425ffadb4f582e1,true,第5页-14.PNG,duplicates,duplicates\7_第5页-14__2.PNG
7,D:\LX\tregecy\asset\pdf-素材\（提取图片）7（普通彩印,D:\LX\tregecy\asset\pdf-素材\（提取图片）7（普通彩印\第5页-14(3).PNG,第5页-14(3).PNG,第5页-14.PNG,5,14,b91abddf97ad0eef370189daa3e752264a56ffdd0201b88a5425ffadb4f582e1,true,第5页-14.PNG,duplicates,duplicates\7_第5页-14__3.PNG
7,D:\LX\tregecy\asset\pdf-素材\（提取图片）7（普通彩印,D:\LX\tregecy\asset\pdf-素材\（提取图片）7（普通彩印\第5页-14.PNG,第5页-14.PNG,第5页-14.PNG,5,14,b91abddf97ad0eef370189daa3e752264a56ffdd0201b88a5425ffadb4f582e1,false,,卡背,卡背\7_第5页-14.PNG
7,D:\LX\tregecy\asset\pdf-素材\（提取图片）7（普通彩印,D:\LX\tregecy\asset\pdf-素材\（提取图片）7（普通彩印\第5页-15(1).PNG,第5页-15(1).PNG,第5页-15.PNG,5,15,f2fb4ea4cfbb4974813e1c15325e28724c9f846173a584322568b1fdea3f2faa,true,第5页-15.PNG,duplicates,duplicates\7_第5页-15.PNG
7,D:\LX\tregecy\asset\pdf-素材\（提取图片）7（普通彩印,D:\LX\tregecy\asset\pdf-素材\（提取图片）7（普通彩印\第5页-15(2).PNG,第5页-15(2).PNG,第5页-15.PNG,5,15,f2fb4ea4cfbb4974813e1c15325e28724c9f846173a584322568b1fdea3f2faa,true,第5页-15.PNG,duplicates,duplicates\7_第5页-15__2.PNG
7,D:\LX\tregecy\asset\pdf-素材\（提取图片）7（普通彩印,D:\LX\tregecy\asset\pdf-素材\（提取图片）7（普通彩印\第5页-15(3).PNG,第5页-15(3).PNG,第5页-15.PNG,5,15,f2fb4ea4cfbb4974813e1c15325e28724c9f846173a584322568b1fdea3f2faa,true,第5页-15.PNG,duplicates,duplicates\7_第5页-15__3.PNG
7,D:\LX\tregecy\asset\pdf-素材\（提取图片）7（普通彩印,D:\LX\tregecy\asset\pdf-素材\（提取图片）7（普通彩印\第5页-15.PNG,第5页-15.PNG,第5页-15.PNG,5,15,f2fb4ea4cfbb4974813e1c15325e28724c9f846173a584322568b1fdea3f2faa,false,,卡背,卡背\7_第5页-15.PNG
7,D:\LX\tregecy\asset\pdf-素材\（提取图片）7（普通彩印,D:\LX\tregecy\asset\pdf-素材\（提取图片）7（普通彩印\第5页-7(1).PNG,第5页-7(1).PNG,第5页-7.PNG,5,7,3293e87072c95e2f52c00c949451b67a51b5f5da2acc5cd3f605d42f8e3cf10f,true,第5页-7.PNG,duplicates,duplicates\7_第5页-7.PNG
7,D:\LX\tregecy\asset\pdf-素材\（提取图片）7（普通彩印,D:\LX\tregecy\asset\pdf-素材\（提取图片）7（普通彩印\第5页-7(2).PNG,第5页-7(2).PNG,第5页-7.PNG,5,7,3293e87072c95e2f52c00c949451b67a51b5f5da2acc5cd3f605d42f8e3cf10f,true,第5页-7.PNG,duplicates,duplicates\7_第5页-7__2.PNG
7,D:\LX\tregecy\asset\pdf-素材\（提取图片）7（普通彩印,D:\LX\tregecy\asset\pdf-素材\（提取图片）7（普通彩印\第5页-7(3).PNG,第5页-7(3).PNG,第5页-7.PNG,5,7,3293e87072c95e2f52c00c949451b67a51b5f5da2acc5cd3f605d42f8e3cf10f,true,第5页-7.PNG,duplicates,duplicates\7_第5页-7__3.PNG
7,D:\LX\tregecy\asset\pdf-素材\（提取图片）7（普通彩印,D:\LX\tregecy\asset\pdf-素材\（提取图片）7（普通彩印\第5页-7.PNG,第5页-7.PNG,第5页-7.PNG,5,7,3293e87072c95e2f52c00c949451b67a51b5f5da2acc5cd3f605d42f8e3cf10f,false,,卡背,卡背\7_第5页-7.PNG
7,D:\LX\tregecy\asset\pdf-素材\（提取图片）7（普通彩印,D:\LX\tregecy\asset\pdf-素材\（提取图片）7（普通彩印\第5页-8(1).PNG,第5页-8(1).PNG,第5页-8.PNG,5,8,906ba7f14ecc412aff9f1d3658ab4a23c8d3452bd843f4b71794c839f89709df,true,第5页-8.PNG,duplicates,duplicates\7_第5页-8.PNG
7,D:\LX\tregecy\asset\pdf-素材\（提取图片）7（普通彩印,D:\LX\tregecy\asset\pdf-素材\（提取图片）7（普通彩印\第5页-8(2).PNG,第5页-8(2).PNG,第5页-8.PNG,5,8,906ba7f14ecc412aff9f1d3658ab4a23c8d3452bd843f4b71794c839f89709df,true,第5页-8.PNG,duplicates,duplicates\7_第5页-8__2.PNG
7,D:\LX\tregecy\asset\pdf-素材\（提取图片）7（普通彩印,D:\LX\tregecy\asset\pdf-素材\（提取图片）7（普通彩印\第5页-8(3).PNG,第5页-8(3).PNG,第5页-8.PNG,5,8,906ba7f14ecc412aff9f1d3658ab4a23c8d3452bd843f4b71794c839f89709df,true,第5页-8.PNG,duplicates,duplicates\7_第5页-8__3.PNG
7,D:\LX\tregecy\asset\pdf-素材\（提取图片）7（普通彩印,D:\LX\tregecy\asset\pdf-素材\（提取图片）7（普通彩印\第5页-8.PNG,第5页-8.PNG,第5页-8.PNG,5,8,906ba7f14ecc412aff9f1d3658ab4a23c8d3452bd843f4b71794c839f89709df,false,,卡背,卡背\7_第5页-8.PNG
7,D:\LX\tregecy\asset\pdf-素材\（提取图片）7（普通彩印,D:\LX\tregecy\asset\pdf-素材\（提取图片）7（普通彩印\第5页-9(1).PNG,第5页-9(1).PNG,第5页-9.PNG,5,9,6ce7896914f16377d1c1ef0aeaab7536140268853fce4aec5bc61494876ea3b6,true,第5页-9.PNG,duplicates,duplicates\7_第5页-9.PNG
7,D:\LX\tregecy\asset\pdf-素材\（提取图片）7（普通彩印,D:\LX\tregecy\asset\pdf-素材\（提取图片）7（普通彩印\第5页-9(2).PNG,第5页-9(2).PNG,第5页-9.PNG,5,9,6ce7896914f16377d1c1ef0aeaab7536140268853fce4aec5bc61494876ea3b6,true,第5页-9.PNG,duplicates,duplicates\7_第5页-9__2.PNG
7,D:\LX\tregecy\asset\pdf-素材\（提取图片）7（普通彩印,D:\LX\tregecy\asset\pdf-素材\（提取图片）7（普通彩印\第5页-9(3).PNG,第5页-9(3).PNG,第5页-9.PNG,5,9,6ce7896914f16377d1c1ef0aeaab7536140268853fce4aec5bc61494876ea3b6,true,第5页-9.PNG,duplicates,duplicates\7_第5页-9__3.PNG
7,D:\LX\tregecy\asset\pdf-素材\（提取图片）7（普通彩印,D:\LX\tregecy\asset\pdf-素材\（提取图片）7（普通彩印\第5页-9.PNG,第5页-9.PNG,第5页-9.PNG,5,9,6ce7896914f16377d1c1ef0aeaab7536140268853fce4aec5bc61494876ea3b6,false,,卡背,卡背\7_第5页-9.PNG
7,D:\LX\tregecy\asset\pdf-素材\（提取图片）7（普通彩印,D:\LX\tregecy\asset\pdf-素材\（提取图片）7（普通彩印\第6页-16(1).PNG,第6页-16(1).PNG,第6页-16.PNG,6,16,49a7784c1acaba2b87ede9a23bdccc2c60eae21410ab310de0292dc9eb051da8,true,第6页-16.PNG,duplicates,duplicates\7_第6页-16.PNG
7,D:\LX\tregecy\asset\pdf-素材\（提取图片）7（普通彩印,D:\LX\tregecy\asset\pdf-素材\（提取图片）7（普通彩印\第6页-16(2).PNG,第6页-16(2).PNG,第6页-16.PNG,6,16,49a7784c1acaba2b87ede9a23bdccc2c60eae21410ab310de0292dc9eb051da8,true,第6页-16.PNG,duplicates,duplicates\7_第6页-16__2.PNG
7,D:\LX\tregecy\asset\pdf-素材\（提取图片）7（普通彩印,D:\LX\tregecy\asset\pdf-素材\（提取图片）7（普通彩印\第6页-16(3).PNG,第6页-16(3).PNG,第6页-16.PNG,6,16,49a7784c1acaba2b87ede9a23bdccc2c60eae21410ab310de0292dc9eb051da8,true,第6页-16.PNG,duplicates,duplicates\7_第6页-16__3.PNG
7,D:\LX\tregecy\asset\pdf-素材\（提取图片）7（普通彩印,D:\LX\tregecy\asset\pdf-素材\（提取图片）7（普通彩印\第6页-16.PNG,第6页-16.PNG,第6页-16.PNG,6,16,49a7784c1acaba2b87ede9a23bdccc2c60eae21410ab310de0292dc9eb051da8,false,,卡背,卡背\7_第6页-16.PNG
7,D:\LX\tregecy\asset\pdf-素材\（提取图片）7（普通彩印,D:\LX\tregecy\asset\pdf-素材\（提取图片）7（普通彩印\第6页-17(1).PNG,第6页-17(1).PNG,第6页-17.PNG,6,17,73b5589aa5176120f5c054af8ab2bafcefd8f8c1439ca00cb5091f12e56f459a,true,第6页-17.PNG,duplicates,duplicates\7_第6页-17.PNG
7,D:\LX\tregecy\asset\pdf-素材\（提取图片）7（普通彩印,D:\LX\tregecy\asset\pdf-素材\（提取图片）7（普通彩印\第6页-17(2).PNG,第6页-17(2).PNG,第6页-17.PNG,6,17,73b5589aa5176120f5c054af8ab2bafcefd8f8c1439ca00cb5091f12e56f459a,true,第6页-17.PNG,duplicates,duplicates\7_第6页-17__2.PNG
7,D:\LX\tregecy\asset\pdf-素材\（提取图片）7（普通彩印,D:\LX\tregecy\asset\pdf-素材\（提取图片）7（普通彩印\第6页-17(3).PNG,第6页-17(3).PNG,第6页-17.PNG,6,17,73b5589aa5176120f5c054af8ab2bafcefd8f8c1439ca00cb5091f12e56f459a,true,第6页-17.PNG,duplicates,duplicates\7_第6页-17__3.PNG
7,D:\LX\tregecy\asset\pdf-素材\（提取图片）7（普通彩印,D:\LX\tregecy\asset\pdf-素材\（提取图片）7（普通彩印\第6页-17.PNG,第6页-17.PNG,第6页-17.PNG,6,17,73b5589aa5176120f5c054af8ab2bafcefd8f8c1439ca00cb5091f12e56f459a,false,,卡背,卡背\7_第6页-17.PNG
7,D:\LX\tregecy\asset\pdf-素材\（提取图片）7（普通彩印,D:\LX\tregecy\asset\pdf-素材\（提取图片）7（普通彩印\第6页-18(1).PNG,第6页-18(1).PNG,第6页-18.PNG,6,18,c4def045d8f468035c1dab981982ae7b5acf70289acf9ec32c2c32575601f728,true,第6页-18.PNG,duplicates,duplicates\7_第6页-18.PNG
7,D:\LX\tregecy\asset\pdf-素材\（提取图片）7（普通彩印,D:\LX\tregecy\asset\pdf-素材\（提取图片）7（普通彩印\第6页-18(2).PNG,第6页-18(2).PNG,第6页-18.PNG,6,18,c4def045d8f468035c1dab981982ae7b5acf70289acf9ec32c2c32575601f728,true,第6页-18.PNG,duplicates,duplicates\7_第6页-18__2.PNG
7,D:\LX\tregecy\asset\pdf-素材\（提取图片）7（普通彩印,D:\LX\tregecy\asset\pdf-素材\（提取图片）7（普通彩印\第6页-18(3).PNG,第6页-18(3).PNG,第6页-18.PNG,6,18,c4def045d8f468035c1dab981982ae7b5acf70289acf9ec32c2c32575601f728,true,第6页-18.PNG,duplicates,duplicates\7_第6页-18__3.PNG
7,D:\LX\tregecy\asset\pdf-素材\（提取图片）7（普通彩印,D:\LX\tregecy\asset\pdf-素材\（提取图片）7（普通彩印\第6页-18.PNG,第6页-18.PNG,第6页-18.PNG,6,18,c4def045d8f468035c1dab981982ae7b5acf70289acf9ec32c2c32575601f728,false,,卡背,卡背\7_第6页-18.PNG
7,D:\LX\tregecy\asset\pdf-素材\（提取图片）7（普通彩印,D:\LX\tregecy\asset\pdf-素材\（提取图片）7（普通彩印\第6页-19(1).PNG,第6页-19(1).PNG,第6页-19.PNG,6,19,4dfe0b147fdef86c353c86e95c2ac857c70e49ab927148e946ac99de4de136f1,true,第6页-19.PNG,duplicates,duplicates\7_第6页-19.PNG
7,D:\LX\tregecy\asset\pdf-素材\（提取图片）7（普通彩印,D:\LX\tregecy\asset\pdf-素材\（提取图片）7（普通彩印\第6页-19(2).PNG,第6页-19(2).PNG,第6页-19.PNG,6,19,4dfe0b147fdef86c353c86e95c2ac857c70e49ab927148e946ac99de4de136f1,true,第6页-19.PNG,duplicates,duplicates\7_第6页-19__2.PNG
7,D:\LX\tregecy\asset\pdf-素材\（提取图片）7（普通彩印,D:\LX\tregecy\asset\pdf-素材\（提取图片）7（普通彩印\第6页-19(3).PNG,第6页-19(3).PNG,第6页-19.PNG,6,19,4dfe0b147fdef86c353c86e95c2ac857c70e49ab927148e946ac99de4de136f1,true,第6页-19.PNG,duplicates,duplicates\7_第6页-19__3.PNG
7,D:\LX\tregecy\asset\pdf-素材\（提取图片）7（普通彩印,D:\LX\tregecy\asset\pdf-素材\（提取图片）7（普通彩印\第6页-19.PNG,第6页-19.PNG,第6页-19.PNG,6,19,4dfe0b147fdef86c353c86e95c2ac857c70e49ab927148e946ac99de4de136f1,false,,卡背,卡背\7_第6页-19.PNG
7,D:\LX\tregecy\asset\pdf-素材\（提取图片）7（普通彩印,D:\LX\tregecy\asset\pdf-素材\（提取图片）7（普通彩印\第6页-20(1).PNG,第6页-20(1).PNG,第6页-20.PNG,6,20,a75bcc9bdf98d6994071e52f7906dd1504dabfd03d6796593f199023caff6679,true,第6页-20.PNG,duplicates,duplicates\7_第6页-20.PNG
7,D:\LX\tregecy\asset\pdf-素材\（提取图片）7（普通彩印,D:\LX\tregecy\asset\pdf-素材\（提取图片）7（普通彩印\第6页-20(2).PNG,第6页-20(2).PNG,第6页-20.PNG,6,20,a75bcc9bdf98d6994071e52f7906dd1504dabfd03d6796593f199023caff6679,true,第6页-20.PNG,duplicates,duplicates\7_第6页-20__2.PNG
7,D:\LX\tregecy\asset\pdf-素材\（提取图片）7（普通彩印,D:\LX\tregecy\asset\pdf-素材\（提取图片）7（普通彩印\第6页-20(3).PNG,第6页-20(3).PNG,第6页-20.PNG,6,20,a75bcc9bdf98d6994071e52f7906dd1504dabfd03d6796593f199023caff6679,true,第6页-20.PNG,duplicates,duplicates\7_第6页-20__3.PNG
7,D:\LX\tregecy\asset\pdf-素材\（提取图片）7（普通彩印,D:\LX\tregecy\asset\pdf-素材\（提取图片）7（普通彩印\第6页-20.PNG,第6页-20.PNG,第6页-20.PNG,6,20,a75bcc9bdf98d6994071e52f7906dd1504dabfd03d6796593f199023caff6679,false,,卡背,卡背\7_第6页-20.PNG
7,D:\LX\tregecy\asset\pdf-素材\（提取图片）7（普通彩印,D:\LX\tregecy\asset\pdf-素材\（提取图片）7（普通彩印\第6页-21(1).PNG,第6页-21(1).PNG,第6页-21.PNG,6,21,5a1bc15ec07845d1e29cca89c683dcb067cb1ed17d0d1786c93173acd921e76a,true,第6页-21.PNG,duplicates,duplicates\7_第6页-21.PNG
7,D:\LX\tregecy\asset\pdf-素材\（提取图片）7（普通彩印,D:\LX\tregecy\asset\pdf-素材\（提取图片）7（普通彩印\第6页-21(2).PNG,第6页-21(2).PNG,第6页-21.PNG,6,21,5a1bc15ec07845d1e29cca89c683dcb067cb1ed17d0d1786c93173acd921e76a,true,第6页-21.PNG,duplicates,duplicates\7_第6页-21__2.PNG
7,D:\LX\tregecy\asset\pdf-素材\（提取图片）7（普通彩印,D:\LX\tregecy\asset\pdf-素材\（提取图片）7（普通彩印\第6页-21(3).PNG,第6页-21(3).PNG,第6页-21.PNG,6,21,5a1bc15ec07845d1e29cca89c683dcb067cb1ed17d0d1786c93173acd921e76a,true,第6页-21.PNG,duplicates,duplicates\7_第6页-21__3.PNG
7,D:\LX\tregecy\asset\pdf-素材\（提取图片）7（普通彩印,D:\LX\tregecy\asset\pdf-素材\（提取图片）7（普通彩印\第6页-21.PNG,第6页-21.PNG,第6页-21.PNG,6,21,5a1bc15ec07845d1e29cca89c683dcb067cb1ed17d0d1786c93173acd921e76a,false,,卡背,卡背\7_第6页-21.PNG
7,D:\LX\tregecy\asset\pdf-素材\（提取图片）7（普通彩印,D:\LX\tregecy\asset\pdf-素材\（提取图片）7（普通彩印\第6页-22(1).PNG,第6页-22(1).PNG,第6页-22.PNG,6,22,5fbe4d04dc0875eaa18bf38f1487f2d4f684426360a85acd540dadd7f672964b,true,第6页-22.PNG,duplicates,duplicates\7_第6页-22.PNG
7,D:\LX\tregecy\asset\pdf-素材\（提取图片）7（普通彩印,D:\LX\tregecy\asset\pdf-素材\（提取图片）7（普通彩印\第6页-22(2).PNG,第6页-22(2).PNG,第6页-22.PNG,6,22,5fbe4d04dc0875eaa18bf38f1487f2d4f684426360a85acd540dadd7f672964b,true,第6页-22.PNG,duplicates,duplicates\7_第6页-22__2.PNG
7,D:\LX\tregecy\asset\pdf-素材\（提取图片）7（普通彩印,D:\LX\tregecy\asset\pdf-素材\（提取图片）7（普通彩印\第6页-22(3).PNG,第6页-22(3).PNG,第6页-22.PNG,6,22,5fbe4d04dc0875eaa18bf38f1487f2d4f684426360a85acd540dadd7f672964b,true,第6页-22.PNG,duplicates,duplicates\7_第6页-22__3.PNG
7,D:\LX\tregecy\asset\pdf-素材\（提取图片）7（普通彩印,D:\LX\tregecy\asset\pdf-素材\（提取图片）7（普通彩印\第6页-22.PNG,第6页-22.PNG,第6页-22.PNG,6,22,5fbe4d04dc0875eaa18bf38f1487f2d4f684426360a85acd540dadd7f672964b,false,,卡背,卡背\7_第6页-22.PNG
7,D:\LX\tregecy\asset\pdf-素材\（提取图片）7（普通彩印,D:\LX\tregecy\asset\pdf-素材\（提取图片）7（普通彩印\第6页-23(1).PNG,第6页-23(1).PNG,第6页-23.PNG,6,23,f8e261bef86d75bfe733a049fe9cbf5d675fb87da5288ecf7c849fc9040ccc6b,true,第6页-23.PNG,duplicates,duplicates\7_第6页-23.PNG
7,D:\LX\tregecy\asset\pdf-素材\（提取图片）7（普通彩印,D:\LX\tregecy\asset\pdf-素材\（提取图片）7（普通彩印\第6页-23(2).PNG,第6页-23(2).PNG,第6页-23.PNG,6,23,f8e261bef86d75bfe733a049fe9cbf5d675fb87da5288ecf7c849fc9040ccc6b,true,第6页-23.PNG,duplicates,duplicates\7_第6页-23__2.PNG
7,D:\LX\tregecy\asset\pdf-素材\（提取图片）7（普通彩印,D:\LX\tregecy\asset\pdf-素材\（提取图片）7（普通彩印\第6页-23(3).PNG,第6页-23(3).PNG,第6页-23.PNG,6,23,f8e261bef86d75bfe733a049fe9cbf5d675fb87da5288ecf7c849fc9040ccc6b,true,第6页-23.PNG,duplicates,duplicates\7_第6页-23__3.PNG
7,D:\LX\tregecy\asset\pdf-素材\（提取图片）7（普通彩印,D:\LX\tregecy\asset\pdf-素材\（提取图片）7（普通彩印\第6页-23.PNG,第6页-23.PNG,第6页-23.PNG,6,23,f8e261bef86d75bfe733a049fe9cbf5d675fb87da5288ecf7c849fc9040ccc6b,false,,卡背,卡背\7_第6页-23.PNG
7,D:\LX\tregecy\asset\pdf-素材\（提取图片）7（普通彩印,D:\LX\tregecy\asset\pdf-素材\（提取图片）7（普通彩印\第6页-24(1).PNG,第6页-24(1).PNG,第6页-24.PNG,6,24,826b4227f5f01fd81351bd90b95225780292bb8095a43b00edeef82a481350b4,true,第6页-24.PNG,duplicates,duplicates\7_第6页-24.PNG
7,D:\LX\tregecy\asset\pdf-素材\（提取图片）7（普通彩印,D:\LX\tregecy\asset\pdf-素材\（提取图片）7（普通彩印\第6页-24(2).PNG,第6页-24(2).PNG,第6页-24.PNG,6,24,826b4227f5f01fd81351bd90b95225780292bb8095a43b00edeef82a481350b4,true,第6页-24.PNG,duplicates,duplicates\7_第6页-24__2.PNG
7,D:\LX\tregecy\asset\pdf-素材\（提取图片）7（普通彩印,D:\LX\tregecy\asset\pdf-素材\（提取图片）7（普通彩印\第6页-24(3).PNG,第6页-24(3).PNG,第6页-24.PNG,6,24,826b4227f5f01fd81351bd90b95225780292bb8095a43b00edeef82a481350b4,true,第6页-24.PNG,duplicates,duplicates\7_第6页-24__3.PNG
7,D:\LX\tregecy\asset\pdf-素材\（提取图片）7（普通彩印,D:\LX\tregecy\asset\pdf-素材\（提取图片）7（普通彩印\第6页-24.PNG,第6页-24.PNG,第6页-24.PNG,6,24,826b4227f5f01fd81351bd90b95225780292bb8095a43b00edeef82a481350b4,false,,卡背,卡背\7_第6页-24.PNG
7,D:\LX\tregecy\asset\pdf-素材\（提取图片）7（普通彩印,D:\LX\tregecy\asset\pdf-素材\（提取图片）7（普通彩印\第7页-25(1).PNG,第7页-25(1).PNG,第7页-25.PNG,7,25,63bcbdfd6a7b727b97cf73b402f8e4da9de1de5aaf8a447e5ac3ceb54867be2d,true,第7页-25.PNG,duplicates,duplicates\7_第7页-25.PNG
7,D:\LX\tregecy\asset\pdf-素材\（提取图片）7（普通彩印,D:\LX\tregecy\asset\pdf-素材\（提取图片）7（普通彩印\第7页-25(2).PNG,第7页-25(2).PNG,第7页-25.PNG,7,25,63bcbdfd6a7b727b97cf73b402f8e4da9de1de5aaf8a447e5ac3ceb54867be2d,true,第7页-25.PNG,duplicates,duplicates\7_第7页-25__2.PNG
7,D:\LX\tregecy\asset\pdf-素材\（提取图片）7（普通彩印,D:\LX\tregecy\asset\pdf-素材\（提取图片）7（普通彩印\第7页-25(3).PNG,第7页-25(3).PNG,第7页-25.PNG,7,25,63bcbdfd6a7b727b97cf73b402f8e4da9de1de5aaf8a447e5ac3ceb54867be2d,true,第7页-25.PNG,duplicates,duplicates\7_第7页-25__3.PNG
7,D:\LX\tregecy\asset\pdf-素材\（提取图片）7（普通彩印,D:\LX\tregecy\asset\pdf-素材\（提取图片）7（普通彩印\第7页-25.PNG,第7页-25.PNG,第7页-25.PNG,7,25,63bcbdfd6a7b727b97cf73b402f8e4da9de1de5aaf8a447e5ac3ceb54867be2d,false,,卡背,卡背\7_第7页-25.PNG
7,D:\LX\tregecy\asset\pdf-素材\（提取图片）7（普通彩印,D:\LX\tregecy\asset\pdf-素材\（提取图片）7（普通彩印\第7页-26(1).PNG,第7页-26(1).PNG,第7页-26.PNG,7,26,b5c953e4b55e092b861d20e797b68687e470648a320b9b8abee1519f7ae7dda3,true,第7页-26.PNG,duplicates,duplicates\7_第7页-26.PNG
7,D:\LX\tregecy\asset\pdf-素材\（提取图片）7（普通彩印,D:\LX\tregecy\asset\pdf-素材\（提取图片）7（普通彩印\第7页-26(2).PNG,第7页-26(2).PNG,第7页-26.PNG,7,26,b5c953e4b55e092b861d20e797b68687e470648a320b9b8abee1519f7ae7dda3,true,第7页-26.PNG,duplicates,duplicates\7_第7页-26__2.PNG
7,D:\LX\tregecy\asset\pdf-素材\（提取图片）7（普通彩印,D:\LX\tregecy\asset\pdf-素材\（提取图片）7（普通彩印\第7页-26(3).PNG,第7页-26(3).PNG,第7页-26.PNG,7,26,b5c953e4b55e092b861d20e797b68687e470648a320b9b8abee1519f7ae7dda3,true,第7页-26.PNG,duplicates,duplicates\7_第7页-26__3.PNG
7,D:\LX\tregecy\asset\pdf-素材\（提取图片）7（普通彩印,D:\LX\tregecy\asset\pdf-素材\（提取图片）7（普通彩印\第7页-26.PNG,第7页-26.PNG,第7页-26.PNG,7,26,b5c953e4b55e092b861d20e797b68687e470648a320b9b8abee1519f7ae7dda3,false,,卡背,卡背\7_第7页-26.PNG
7,D:\LX\tregecy\asset\pdf-素材\（提取图片）7（普通彩印,D:\LX\tregecy\asset\pdf-素材\（提取图片）7（普通彩印\第7页-27(1).PNG,第7页-27(1).PNG,第7页-27.PNG,7,27,69b651a429464538827820e102e58b1ef89c5ba88c60171e86483f581d23038f,true,第7页-27.PNG,duplicates,duplicates\7_第7页-27.PNG
7,D:\LX\tregecy\asset\pdf-素材\（提取图片）7（普通彩印,D:\LX\tregecy\asset\pdf-素材\（提取图片）7（普通彩印\第7页-27(2).PNG,第7页-27(2).PNG,第7页-27.PNG,7,27,69b651a429464538827820e102e58b1ef89c5ba88c60171e86483f581d23038f,true,第7页-27.PNG,duplicates,duplicates\7_第7页-27__2.PNG
7,D:\LX\tregecy\asset\pdf-素材\（提取图片）7（普通彩印,D:\LX\tregecy\asset\pdf-素材\（提取图片）7（普通彩印\第7页-27(3).PNG,第7页-27(3).PNG,第7页-27.PNG,7,27,69b651a429464538827820e102e58b1ef89c5ba88c60171e86483f581d23038f,true,第7页-27.PNG,duplicates,duplicates\7_第7页-27__3.PNG
7,D:\LX\tregecy\asset\pdf-素材\（提取图片）7（普通彩印,D:\LX\tregecy\asset\pdf-素材\（提取图片）7（普通彩印\第7页-27.PNG,第7页-27.PNG,第7页-27.PNG,7,27,69b651a429464538827820e102e58b1ef89c5ba88c60171e86483f581d23038f,false,,卡背,卡背\7_第7页-27.PNG
7,D:\LX\tregecy\asset\pdf-素材\（提取图片）7（普通彩印,D:\LX\tregecy\asset\pdf-素材\（提取图片）7（普通彩印\第7页-28(1).PNG,第7页-28(1).PNG,第7页-28.PNG,7,28,19991ada97b2ad095ce7333608efa1847f8803b702845e877b1b44f287e051c5,true,第7页-28.PNG,duplicates,duplicates\7_第7页-28.PNG
7,D:\LX\tregecy\asset\pdf-素材\（提取图片）7（普通彩印,D:\LX\tregecy\asset\pdf-素材\（提取图片）7（普通彩印\第7页-28(2).PNG,第7页-28(2).PNG,第7页-28.PNG,7,28,19991ada97b2ad095ce7333608efa1847f8803b702845e877b1b44f287e051c5,true,第7页-28.PNG,duplicates,duplicates\7_第7页-28__2.PNG
7,D:\LX\tregecy\asset\pdf-素材\（提取图片）7（普通彩印,D:\LX\tregecy\asset\pdf-素材\（提取图片）7（普通彩印\第7页-28(3).PNG,第7页-28(3).PNG,第7页-28.PNG,7,28,19991ada97b2ad095ce7333608efa1847f8803b702845e877b1b44f287e051c5,true,第7页-28.PNG,duplicates,duplicates\7_第7页-28__3.PNG
7,D:\LX\tregecy\asset\pdf-素材\（提取图片）7（普通彩印,D:\LX\tregecy\asset\pdf-素材\（提取图片）7（普通彩印\第7页-28.PNG,第7页-28.PNG,第7页-28.PNG,7,28,19991ada97b2ad095ce7333608efa1847f8803b702845e877b1b44f287e051c5,false,,卡背,卡背\7_第7页-28.PNG
7,D:\LX\tregecy\asset\pdf-素材\（提取图片）7（普通彩印,D:\LX\tregecy\asset\pdf-素材\（提取图片）7（普通彩印\第7页-29(1).PNG,第7页-29(1).PNG,第7页-29.PNG,7,29,b0c01c8e0f78b044f23650933f1cd50de4ff8be99eb7f6e897ee15dad1241291,true,第7页-29.PNG,duplicates,duplicates\7_第7页-29.PNG
7,D:\LX\tregecy\asset\pdf-素材\（提取图片）7（普通彩印,D:\LX\tregecy\asset\pdf-素材\（提取图片）7（普通彩印\第7页-29(2).PNG,第7页-29(2).PNG,第7页-29.PNG,7,29,b0c01c8e0f78b044f23650933f1cd50de4ff8be99eb7f6e897ee15dad1241291,true,第7页-29.PNG,duplicates,duplicates\7_第7页-29__2.PNG
7,D:\LX\tregecy\asset\pdf-素材\（提取图片）7（普通彩印,D:\LX\tregecy\asset\pdf-素材\（提取图片）7（普通彩印\第7页-29(3).PNG,第7页-29(3).PNG,第7页-29.PNG,7,29,b0c01c8e0f78b044f23650933f1cd50de4ff8be99eb7f6e897ee15dad1241291,true,第7页-29.PNG,duplicates,duplicates\7_第7页-29__3.PNG
7,D:\LX\tregecy\asset\pdf-素材\（提取图片）7（普通彩印,D:\LX\tregecy\asset\pdf-素材\（提取图片）7（普通彩印\第7页-29.PNG,第7页-29.PNG,第7页-29.PNG,7,29,b0c01c8e0f78b044f23650933f1cd50de4ff8be99eb7f6e897ee15dad1241291,false,,卡背,卡背\7_第7页-29.PNG
7,D:\LX\tregecy\asset\pdf-素材\（提取图片）7（普通彩印,D:\LX\tregecy\asset\pdf-素材\（提取图片）7（普通彩印\第7页-30(1).PNG,第7页-30(1).PNG,第7页-30.PNG,7,30,b1f56dc5cf9ad2bd3b567a96e1347cab648d90370fb48221883695d40ef221b8,true,第7页-30.PNG,duplicates,duplicates\7_第7页-30.PNG
7,D:\LX\tregecy\asset\pdf-素材\（提取图片）7（普通彩印,D:\LX\tregecy\asset\pdf-素材\（提取图片）7（普通彩印\第7页-30(2).PNG,第7页-30(2).PNG,第7页-30.PNG,7,30,b1f56dc5cf9ad2bd3b567a96e1347cab648d90370fb48221883695d40ef221b8,true,第7页-30.PNG,duplicates,duplicates\7_第7页-30__2.PNG
7,D:\LX\tregecy\asset\pdf-素材\（提取图片）7（普通彩印,D:\LX\tregecy\asset\pdf-素材\（提取图片）7（普通彩印\第7页-30(3).PNG,第7页-30(3).PNG,第7页-30.PNG,7,30,b1f56dc5cf9ad2bd3b567a96e1347cab648d90370fb48221883695d40ef221b8,true,第7页-30.PNG,duplicates,duplicates\7_第7页-30__3.PNG
7,D:\LX\tregecy\asset\pdf-素材\（提取图片）7（普通彩印,D:\LX\tregecy\asset\pdf-素材\（提取图片）7（普通彩印\第7页-30.PNG,第7页-30.PNG,第7页-30.PNG,7,30,b1f56dc5cf9ad2bd3b567a96e1347cab648d90370fb48221883695d40ef221b8,false,,卡背,卡背\7_第7页-30.PNG
7,D:\LX\tregecy\asset\pdf-素材\（提取图片）7（普通彩印,D:\LX\tregecy\asset\pdf-素材\（提取图片）7（普通彩印\第7页-31(1).PNG,第7页-31(1).PNG,第7页-31.PNG,7,31,78415bce2a9bed3a63c22e8e515f442948aaba86fc608d2648821a897bb8d61b,true,第7页-31.PNG,duplicates,duplicates\7_第7页-31.PNG
7,D:\LX\tregecy\asset\pdf-素材\（提取图片）7（普通彩印,D:\LX\tregecy\asset\pdf-素材\（提取图片）7（普通彩印\第7页-31(2).PNG,第7页-31(2).PNG,第7页-31.PNG,7,31,78415bce2a9bed3a63c22e8e515f442948aaba86fc608d2648821a897bb8d61b,true,第7页-31.PNG,duplicates,duplicates\7_第7页-31__2.PNG
7,D:\LX\tregecy\asset\pdf-素材\（提取图片）7（普通彩印,D:\LX\tregecy\asset\pdf-素材\（提取图片）7（普通彩印\第7页-31(3).PNG,第7页-31(3).PNG,第7页-31.PNG,7,31,78415bce2a9bed3a63c22e8e515f442948aaba86fc608d2648821a897bb8d61b,true,第7页-31.PNG,duplicates,duplicates\7_第7页-31__3.PNG
7,D:\LX\tregecy\asset\pdf-素材\（提取图片）7（普通彩印,D:\LX\tregecy\asset\pdf-素材\（提取图片）7（普通彩印\第7页-31.PNG,第7页-31.PNG,第7页-31.PNG,7,31,78415bce2a9bed3a63c22e8e515f442948aaba86fc608d2648821a897bb8d61b,false,,卡背,卡背\7_第7页-31.PNG
7,D:\LX\tregecy\asset\pdf-素材\（提取图片）7（普通彩印,D:\LX\tregecy\asset\pdf-素材\（提取图片）7（普通彩印\第7页-32(1).PNG,第7页-32(1).PNG,第7页-32.PNG,7,32,01fffe8264b67e4961f0b8f0a62a1ee4166cd57ccabdd35eb8e7dd233ad25ff0,true,第7页-32.PNG,duplicates,duplicates\7_第7页-32.PNG
7,D:\LX\tregecy\asset\pdf-素材\（提取图片）7（普通彩印,D:\LX\tregecy\asset\pdf-素材\（提取图片）7（普通彩印\第7页-32(2).PNG,第7页-32(2).PNG,第7页-32.PNG,7,32,01fffe8264b67e4961f0b8f0a62a1ee4166cd57ccabdd35eb8e7dd233ad25ff0,true,第7页-32.PNG,duplicates,duplicates\7_第7页-32__2.PNG
7,D:\LX\tregecy\asset\pdf-素材\（提取图片）7（普通彩印,D:\LX\tregecy\asset\pdf-素材\（提取图片）7（普通彩印\第7页-32(3).PNG,第7页-32(3).PNG,第7页-32.PNG,7,32,01fffe8264b67e4961f0b8f0a62a1ee4166cd57ccabdd35eb8e7dd233ad25ff0,true,第7页-32.PNG,duplicates,duplicates\7_第7页-32__3.PNG
7,D:\LX\tregecy\asset\pdf-素材\（提取图片）7（普通彩印,D:\LX\tregecy\asset\pdf-素材\（提取图片）7（普通彩印\第7页-32.PNG,第7页-32.PNG,第7页-32.PNG,7,32,01fffe8264b67e4961f0b8f0a62a1ee4166cd57ccabdd35eb8e7dd233ad25ff0,false,,卡背,卡背\7_第7页-32.PNG
7,D:\LX\tregecy\asset\pdf-素材\（提取图片）7（普通彩印,D:\LX\tregecy\asset\pdf-素材\（提取图片）7（普通彩印\第7页-33(1).PNG,第7页-33(1).PNG,第7页-33.PNG,7,33,e9d8076dcf71a238a6f69078c0319ec2401707ba184aea0187f8efc321c65daf,true,第7页-33.PNG,duplicates,duplicates\7_第7页-33.PNG
7,D:\LX\tregecy\asset\pdf-素材\（提取图片）7（普通彩印,D:\LX\tregecy\asset\pdf-素材\（提取图片）7（普通彩印\第7页-33(2).PNG,第7页-33(2).PNG,第7页-33.PNG,7,33,e9d8076dcf71a238a6f69078c0319ec2401707ba184aea0187f8efc321c65daf,true,第7页-33.PNG,duplicates,duplicates\7_第7页-33__2.PNG
7,D:\LX\tregecy\asset\pdf-素材\（提取图片）7（普通彩印,D:\LX\tregecy\asset\pdf-素材\（提取图片）7（普通彩印\第7页-33(3).PNG,第7页-33(3).PNG,第7页-33.PNG,7,33,e9d8076dcf71a238a6f69078c0319ec2401707ba184aea0187f8efc321c65daf,true,第7页-33.PNG,duplicates,duplicates\7_第7页-33__3.PNG
7,D:\LX\tregecy\asset\pdf-素材\（提取图片）7（普通彩印,D:\LX\tregecy\asset\pdf-素材\（提取图片）7（普通彩印\第7页-33.PNG,第7页-33.PNG,第7页-33.PNG,7,33,e9d8076dcf71a238a6f69078c0319ec2401707ba184aea0187f8efc321c65daf,false,,卡背,卡背\7_第7页-33.PNG
7,D:\LX\tregecy\asset\pdf-素材\（提取图片）7（普通彩印,D:\LX\tregecy\asset\pdf-素材\（提取图片）7（普通彩印\第8页-34(1).PNG,第8页-34(1).PNG,第8页-34.PNG,8,34,64b481699b57ba1019ebadf5d03470c41ee614df4284e154568857e32bdd5757,true,第8页-34.PNG,duplicates,duplicates\7_第8页-34.PNG
7,D:\LX\tregecy\asset\pdf-素材\（提取图片）7（普通彩印,D:\LX\tregecy\asset\pdf-素材\（提取图片）7（普通彩印\第8页-34(2).PNG,第8页-34(2).PNG,第8页-34.PNG,8,34,64b481699b57ba1019ebadf5d03470c41ee614df4284e154568857e32bdd5757,true,第8页-34.PNG,duplicates,duplicates\7_第8页-34__2.PNG
7,D:\LX\tregecy\asset\pdf-素材\（提取图片）7（普通彩印,D:\LX\tregecy\asset\pdf-素材\（提取图片）7（普通彩印\第8页-34(3).PNG,第8页-34(3).PNG,第8页-34.PNG,8,34,64b481699b57ba1019ebadf5d03470c41ee614df4284e154568857e32bdd5757,true,第8页-34.PNG,duplicates,duplicates\7_第8页-34__3.PNG
7,D:\LX\tregecy\asset\pdf-素材\（提取图片）7（普通彩印,D:\LX\tregecy\asset\pdf-素材\（提取图片）7（普通彩印\第8页-34.PNG,第8页-34.PNG,第8页-34.PNG,8,34,64b481699b57ba1019ebadf5d03470c41ee614df4284e154568857e32bdd5757,false,,卡背,卡背\7_第8页-34.PNG
7,D:\LX\tregecy\asset\pdf-素材\（提取图片）7（普通彩印,D:\LX\tregecy\asset\pdf-素材\（提取图片）7（普通彩印\第8页-35(1).PNG,第8页-35(1).PNG,第8页-35.PNG,8,35,e5835c0126cfe701b9b8c21acd0d1ea0f0153306cecf8f854e63f974d43eb454,true,第8页-35.PNG,duplicates,duplicates\7_第8页-35.PNG
7,D:\LX\tregecy\asset\pdf-素材\（提取图片）7（普通彩印,D:\LX\tregecy\asset\pdf-素材\（提取图片）7（普通彩印\第8页-35(2).PNG,第8页-35(2).PNG,第8页-35.PNG,8,35,e5835c0126cfe701b9b8c21acd0d1ea0f0153306cecf8f854e63f974d43eb454,true,第8页-35.PNG,duplicates,duplicates\7_第8页-35__2.PNG
7,D:\LX\tregecy\asset\pdf-素材\（提取图片）7（普通彩印,D:\LX\tregecy\asset\pdf-素材\（提取图片）7（普通彩印\第8页-35(3).PNG,第8页-35(3).PNG,第8页-35.PNG,8,35,e5835c0126cfe701b9b8c21acd0d1ea0f0153306cecf8f854e63f974d43eb454,true,第8页-35.PNG,duplicates,duplicates\7_第8页-35__3.PNG
7,D:\LX\tregecy\asset\pdf-素材\（提取图片）7（普通彩印,D:\LX\tregecy\asset\pdf-素材\（提取图片）7（普通彩印\第8页-35.PNG,第8页-35.PNG,第8页-35.PNG,8,35,e5835c0126cfe701b9b8c21acd0d1ea0f0153306cecf8f854e63f974d43eb454,false,,卡背,卡背\7_第8页-35.PNG
7,D:\LX\tregecy\asset\pdf-素材\（提取图片）7（普通彩印,D:\LX\tregecy\asset\pdf-素材\（提取图片）7（普通彩印\第8页-36(1).PNG,第8页-36(1).PNG,第8页-36.PNG,8,36,bc84b51d3319767d72d93190d484b697bbb7a68e4fe494f7d1550449037faab6,true,第8页-36.PNG,duplicates,duplicates\7_第8页-36.PNG
7,D:\LX\tregecy\asset\pdf-素材\（提取图片）7（普通彩印,D:\LX\tregecy\asset\pdf-素材\（提取图片）7（普通彩印\第8页-36(2).PNG,第8页-36(2).PNG,第8页-36.PNG,8,36,bc84b51d3319767d72d93190d484b697bbb7a68e4fe494f7d1550449037faab6,true,第8页-36.PNG,duplicates,duplicates\7_第8页-36__2.PNG
7,D:\LX\tregecy\asset\pdf-素材\（提取图片）7（普通彩印,D:\LX\tregecy\asset\pdf-素材\（提取图片）7（普通彩印\第8页-36(3).PNG,第8页-36(3).PNG,第8页-36.PNG,8,36,bc84b51d3319767d72d93190d484b697bbb7a68e4fe494f7d1550449037faab6,true,第8页-36.PNG,duplicates,duplicates\7_第8页-36__3.PNG
7,D:\LX\tregecy\asset\pdf-素材\（提取图片）7（普通彩印,D:\LX\tregecy\asset\pdf-素材\（提取图片）7（普通彩印\第8页-36.PNG,第8页-36.PNG,第8页-36.PNG,8,36,bc84b51d3319767d72d93190d484b697bbb7a68e4fe494f7d1550449037faab6,false,,卡背,卡背\7_第8页-36.PNG
7,D:\LX\tregecy\asset\pdf-素材\（提取图片）7（普通彩印,D:\LX\tregecy\asset\pdf-素材\（提取图片）7（普通彩印\第8页-37(1).PNG,第8页-37(1).PNG,第8页-37.PNG,8,37,4790b47836ca9cdd6110cc8fbea78119a81e7189bcfe6969ebde643e4360e93e,true,第8页-37.PNG,duplicates,duplicates\7_第8页-37.PNG
7,D:\LX\tregecy\asset\pdf-素材\（提取图片）7（普通彩印,D:\LX\tregecy\asset\pdf-素材\（提取图片）7（普通彩印\第8页-37(2).PNG,第8页-37(2).PNG,第8页-37.PNG,8,37,4790b47836ca9cdd6110cc8fbea78119a81e7189bcfe6969ebde643e4360e93e,true,第8页-37.PNG,duplicates,duplicates\7_第8页-37__2.PNG
7,D:\LX\tregecy\asset\pdf-素材\（提取图片）7（普通彩印,D:\LX\tregecy\asset\pdf-素材\（提取图片）7（普通彩印\第8页-37(3).PNG,第8页-37(3).PNG,第8页-37.PNG,8,37,4790b47836ca9cdd6110cc8fbea78119a81e7189bcfe6969ebde643e4360e93e,true,第8页-37.PNG,duplicates,duplicates\7_第8页-37__3.PNG
7,D:\LX\tregecy\asset\pdf-素材\（提取图片）7（普通彩印,D:\LX\tregecy\asset\pdf-素材\（提取图片）7（普通彩印\第8页-37.PNG,第8页-37.PNG,第8页-37.PNG,8,37,4790b47836ca9cdd6110cc8fbea78119a81e7189bcfe6969ebde643e4360e93e,false,,卡背,卡背\7_第8页-37.PNG
7,D:\LX\tregecy\asset\pdf-素材\（提取图片）7（普通彩印,D:\LX\tregecy\asset\pdf-素材\（提取图片）7（普通彩印\第8页-38(1).PNG,第8页-38(1).PNG,第8页-38.PNG,8,38,44ba422b7d8beadf2811a0b9bfc363a7af3a55ef87c1ba2329e4cb8250c76503,true,第8页-38.PNG,duplicates,duplicates\7_第8页-38.PNG
7,D:\LX\tregecy\asset\pdf-素材\（提取图片）7（普通彩印,D:\LX\tregecy\asset\pdf-素材\（提取图片）7（普通彩印\第8页-38(2).PNG,第8页-38(2).PNG,第8页-38.PNG,8,38,44ba422b7d8beadf2811a0b9bfc363a7af3a55ef87c1ba2329e4cb8250c76503,true,第8页-38.PNG,duplicates,duplicates\7_第8页-38__2.PNG
7,D:\LX\tregecy\asset\pdf-素材\（提取图片）7（普通彩印,D:\LX\tregecy\asset\pdf-素材\（提取图片）7（普通彩印\第8页-38(3).PNG,第8页-38(3).PNG,第8页-38.PNG,8,38,44ba422b7d8beadf2811a0b9bfc363a7af3a55ef87c1ba2329e4cb8250c76503,true,第8页-38.PNG,duplicates,duplicates\7_第8页-38__3.PNG
7,D:\LX\tregecy\asset\pdf-素材\（提取图片）7（普通彩印,D:\LX\tregecy\asset\pdf-素材\（提取图片）7（普通彩印\第8页-38.PNG,第8页-38.PNG,第8页-38.PNG,8,38,44ba422b7d8beadf2811a0b9bfc363a7af3a55ef87c1ba2329e4cb8250c76503,false,,卡背,卡背\7_第8页-38.PNG
7,D:\LX\tregecy\asset\pdf-素材\（提取图片）7（普通彩印,D:\LX\tregecy\asset\pdf-素材\（提取图片）7（普通彩印\第8页-39(1).PNG,第8页-39(1).PNG,第8页-39.PNG,8,39,6b84cd304c59ee8ce1ba3221192f5831a509d132e42554413f3cb6ed899bc577,true,第8页-39.PNG,duplicates,duplicates\7_第8页-39.PNG
7,D:\LX\tregecy\asset\pdf-素材\（提取图片）7（普通彩印,D:\LX\tregecy\asset\pdf-素材\（提取图片）7（普通彩印\第8页-39(2).PNG,第8页-39(2).PNG,第8页-39.PNG,8,39,6b84cd304c59ee8ce1ba3221192f5831a509d132e42554413f3cb6ed899bc577,true,第8页-39.PNG,duplicates,duplicates\7_第8页-39__2.PNG
7,D:\LX\tregecy\asset\pdf-素材\（提取图片）7（普通彩印,D:\LX\tregecy\asset\pdf-素材\（提取图片）7（普通彩印\第8页-39(3).PNG,第8页-39(3).PNG,第8页-39.PNG,8,39,6b84cd304c59ee8ce1ba3221192f5831a509d132e42554413f3cb6ed899bc577,true,第8页-39.PNG,duplicates,duplicates\7_第8页-39__3.PNG
7,D:\LX\tregecy\asset\pdf-素材\（提取图片）7（普通彩印,D:\LX\tregecy\asset\pdf-素材\（提取图片）7（普通彩印\第8页-39.PNG,第8页-39.PNG,第8页-39.PNG,8,39,6b84cd304c59ee8ce1ba3221192f5831a509d132e42554413f3cb6ed899bc577,false,,卡背,卡背\7_第8页-39.PNG
7,D:\LX\tregecy\asset\pdf-素材\（提取图片）7（普通彩印,D:\LX\tregecy\asset\pdf-素材\（提取图片）7（普通彩印\第8页-40(1).PNG,第8页-40(1).PNG,第8页-40.PNG,8,40,03917d8cc765ab42bf6869c7a5d0c5bd469375958440a4bce67fcc55fe1a57dd,true,第8页-40.PNG,duplicates,duplicates\7_第8页-40.PNG
7,D:\LX\tregecy\asset\pdf-素材\（提取图片）7（普通彩印,D:\LX\tregecy\asset\pdf-素材\（提取图片）7（普通彩印\第8页-40(2).PNG,第8页-40(2).PNG,第8页-40.PNG,8,40,03917d8cc765ab42bf6869c7a5d0c5bd469375958440a4bce67fcc55fe1a57dd,true,第8页-40.PNG,duplicates,duplicates\7_第8页-40__2.PNG
7,D:\LX\tregecy\asset\pdf-素材\（提取图片）7（普通彩印,D:\LX\tregecy\asset\pdf-素材\（提取图片）7（普通彩印\第8页-40(3).PNG,第8页-40(3).PNG,第8页-40.PNG,8,40,03917d8cc765ab42bf6869c7a5d0c5bd469375958440a4bce67fcc55fe1a57dd,true,第8页-40.PNG,duplicates,duplicates\7_第8页-40__3.PNG
7,D:\LX\tregecy\asset\pdf-素材\（提取图片）7（普通彩印,D:\LX\tregecy\asset\pdf-素材\（提取图片）7（普通彩印\第8页-40.PNG,第8页-40.PNG,第8页-40.PNG,8,40,03917d8cc765ab42bf6869c7a5d0c5bd469375958440a4bce67fcc55fe1a57dd,false,,卡背,卡背\7_第8页-40.PNG
7,D:\LX\tregecy\asset\pdf-素材\（提取图片）7（普通彩印,D:\LX\tregecy\asset\pdf-素材\（提取图片）7（普通彩印\第8页-41(1).PNG,第8页-41(1).PNG,第8页-41.PNG,8,41,0a6a7924c550c09a4d0e711f15209d10f9393a475e1236ce21b6a9ff6f716238,true,第8页-41.PNG,duplicates,duplicates\7_第8页-41.PNG
7,D:\LX\tregecy\asset\pdf-素材\（提取图片）7（普通彩印,D:\LX\tregecy\asset\pdf-素材\（提取图片）7（普通彩印\第8页-41(2).PNG,第8页-41(2).PNG,第8页-41.PNG,8,41,0a6a7924c550c09a4d0e711f15209d10f9393a475e1236ce21b6a9ff6f716238,true,第8页-41.PNG,duplicates,duplicates\7_第8页-41__2.PNG
7,D:\LX\tregecy\asset\pdf-素材\（提取图片）7（普通彩印,D:\LX\tregecy\asset\pdf-素材\（提取图片）7（普通彩印\第8页-41(3).PNG,第8页-41(3).PNG,第8页-41.PNG,8,41,0a6a7924c550c09a4d0e711f15209d10f9393a475e1236ce21b6a9ff6f716238,true,第8页-41.PNG,duplicates,duplicates\7_第8页-41__3.PNG
7,D:\LX\tregecy\asset\pdf-素材\（提取图片）7（普通彩印,D:\LX\tregecy\asset\pdf-素材\（提取图片）7（普通彩印\第8页-41.PNG,第8页-41.PNG,第8页-41.PNG,8,41,0a6a7924c550c09a4d0e711f15209d10f9393a475e1236ce21b6a9ff6f716238,false,,卡背,卡背\7_第8页-41.PNG
7,D:\LX\tregecy\asset\pdf-素材\（提取图片）7（普通彩印,D:\LX\tregecy\asset\pdf-素材\（提取图片）7（普通彩印\第8页-42(1).PNG,第8页-42(1).PNG,第8页-42.PNG,8,42,d27d5cbbfde34065517f013d8e385d6ec7d25eff8f56bf8c5daf2c5b70792150,true,第8页-42.PNG,duplicates,duplicates\7_第8页-42.PNG
7,D:\LX\tregecy\asset\pdf-素材\（提取图片）7（普通彩印,D:\LX\tregecy\asset\pdf-素材\（提取图片）7（普通彩印\第8页-42(2).PNG,第8页-42(2).PNG,第8页-42.PNG,8,42,d27d5cbbfde34065517f013d8e385d6ec7d25eff8f56bf8c5daf2c5b70792150,true,第8页-42.PNG,duplicates,duplicates\7_第8页-42__2.PNG
7,D:\LX\tregecy\asset\pdf-素材\（提取图片）7（普通彩印,D:\LX\tregecy\asset\pdf-素材\（提取图片）7（普通彩印\第8页-42(3).PNG,第8页-42(3).PNG,第8页-42.PNG,8,42,d27d5cbbfde34065517f013d8e385d6ec7d25eff8f56bf8c5daf2c5b70792150,true,第8页-42.PNG,duplicates,duplicates\7_第8页-42__3.PNG
7,D:\LX\tregecy\asset\pdf-素材\（提取图片）7（普通彩印,D:\LX\tregecy\asset\pdf-素材\（提取图片）7（普通彩印\第8页-42.PNG,第8页-42.PNG,第8页-42.PNG,8,42,d27d5cbbfde34065517f013d8e385d6ec7d25eff8f56bf8c5daf2c5b70792150,false,,卡背,卡背\7_第8页-42.PNG
7,D:\LX\tregecy\asset\pdf-素材\（提取图片）7（普通彩印,D:\LX\tregecy\asset\pdf-素材\（提取图片）7（普通彩印\第9页-43(1).PNG,第9页-43(1).PNG,第9页-43.PNG,9,43,f6913df430ab1c5c8513b3203e666aade9b246ca8d4ed3d5c82b9de6b29654b9,true,第9页-43.PNG,duplicates,duplicates\7_第9页-43.PNG
7,D:\LX\tregecy\asset\pdf-素材\（提取图片）7（普通彩印,D:\LX\tregecy\asset\pdf-素材\（提取图片）7（普通彩印\第9页-43(2).PNG,第9页-43(2).PNG,第9页-43.PNG,9,43,f6913df430ab1c5c8513b3203e666aade9b246ca8d4ed3d5c82b9de6b29654b9,true,第9页-43.PNG,duplicates,duplicates\7_第9页-43__2.PNG
7,D:\LX\tregecy\asset\pdf-素材\（提取图片）7（普通彩印,D:\LX\tregecy\asset\pdf-素材\（提取图片）7（普通彩印\第9页-43(3).PNG,第9页-43(3).PNG,第9页-43.PNG,9,43,f6913df430ab1c5c8513b3203e666aade9b246ca8d4ed3d5c82b9de6b29654b9,true,第9页-43.PNG,duplicates,duplicates\7_第9页-43__3.PNG
7,D:\LX\tregecy\asset\pdf-素材\（提取图片）7（普通彩印,D:\LX\tregecy\asset\pdf-素材\（提取图片）7（普通彩印\第9页-43.PNG,第9页-43.PNG,第9页-43.PNG,9,43,f6913df430ab1c5c8513b3203e666aade9b246ca8d4ed3d5c82b9de6b29654b9,false,,卡背,卡背\7_第9页-43.PNG
7,D:\LX\tregecy\asset\pdf-素材\（提取图片）7（普通彩印,D:\LX\tregecy\asset\pdf-素材\（提取图片）7（普通彩印\第9页-44(1).PNG,第9页-44(1).PNG,第9页-44.PNG,9,44,006dcd3f2471b5b52c36c4ab97e1664eae151cf96c079bcae323091044944419,true,第9页-44.PNG,duplicates,duplicates\7_第9页-44.PNG
7,D:\LX\tregecy\asset\pdf-素材\（提取图片）7（普通彩印,D:\LX\tregecy\asset\pdf-素材\（提取图片）7（普通彩印\第9页-44(2).PNG,第9页-44(2).PNG,第9页-44.PNG,9,44,006dcd3f2471b5b52c36c4ab97e1664eae151cf96c079bcae323091044944419,true,第9页-44.PNG,duplicates,duplicates\7_第9页-44__2.PNG
7,D:\LX\tregecy\asset\pdf-素材\（提取图片）7（普通彩印,D:\LX\tregecy\asset\pdf-素材\（提取图片）7（普通彩印\第9页-44(3).PNG,第9页-44(3).PNG,第9页-44.PNG,9,44,006dcd3f2471b5b52c36c4ab97e1664eae151cf96c079bcae323091044944419,true,第9页-44.PNG,duplicates,duplicates\7_第9页-44__3.PNG
7,D:\LX\tregecy\asset\pdf-素材\（提取图片）7（普通彩印,D:\LX\tregecy\asset\pdf-素材\（提取图片）7（普通彩印\第9页-44.PNG,第9页-44.PNG,第9页-44.PNG,9,44,006dcd3f2471b5b52c36c4ab97e1664eae151cf96c079bcae323091044944419,false,,卡背,卡背\7_第9页-44.PNG
7,D:\LX\tregecy\asset\pdf-素材\（提取图片）7（普通彩印,D:\LX\tregecy\asset\pdf-素材\（提取图片）7（普通彩印\第9页-45(1).PNG,第9页-45(1).PNG,第9页-45.PNG,9,45,45ef12468daee63488a32b8bf41c9d97d81e79e7a240ed74363202a715a04639,true,第9页-45.PNG,duplicates,duplicates\7_第9页-45.PNG
7,D:\LX\tregecy\asset\pdf-素材\（提取图片）7（普通彩印,D:\LX\tregecy\asset\pdf-素材\（提取图片）7（普通彩印\第9页-45(2).PNG,第9页-45(2).PNG,第9页-45.PNG,9,45,45ef12468daee63488a32b8bf41c9d97d81e79e7a240ed74363202a715a04639,true,第9页-45.PNG,duplicates,duplicates\7_第9页-45__2.PNG
7,D:\LX\tregecy\asset\pdf-素材\（提取图片）7（普通彩印,D:\LX\tregecy\asset\pdf-素材\（提取图片）7（普通彩印\第9页-45(3).PNG,第9页-45(3).PNG,第9页-45.PNG,9,45,45ef12468daee63488a32b8bf41c9d97d81e79e7a240ed74363202a715a04639,true,第9页-45.PNG,duplicates,duplicates\7_第9页-45__3.PNG
7,D:\LX\tregecy\asset\pdf-素材\（提取图片）7（普通彩印,D:\LX\tregecy\asset\pdf-素材\（提取图片）7（普通彩印\第9页-45.PNG,第9页-45.PNG,第9页-45.PNG,9,45,45ef12468daee63488a32b8bf41c9d97d81e79e7a240ed74363202a715a04639,false,,卡背,卡背\7_第9页-45.PNG
7,D:\LX\tregecy\asset\pdf-素材\（提取图片）7（普通彩印,D:\LX\tregecy\asset\pdf-素材\（提取图片）7（普通彩印\第9页-46(1).PNG,第9页-46(1).PNG,第9页-46.PNG,9,46,f97af6c4d0b6bf8cf1a80a212fe61168d1dbe85d597d333c5e6265c09b440518,true,第9页-46.PNG,duplicates,duplicates\7_第9页-46.PNG
7,D:\LX\tregecy\asset\pdf-素材\（提取图片）7（普通彩印,D:\LX\tregecy\asset\pdf-素材\（提取图片）7（普通彩印\第9页-46(2).PNG,第9页-46(2).PNG,第9页-46.PNG,9,46,f97af6c4d0b6bf8cf1a80a212fe61168d1dbe85d597d333c5e6265c09b440518,true,第9页-46.PNG,duplicates,duplicates\7_第9页-46__2.PNG
7,D:\LX\tregecy\asset\pdf-素材\（提取图片）7（普通彩印,D:\LX\tregecy\asset\pdf-素材\（提取图片）7（普通彩印\第9页-46(3).PNG,第9页-46(3).PNG,第9页-46.PNG,9,46,f97af6c4d0b6bf8cf1a80a212fe61168d1dbe85d597d333c5e6265c09b440518,true,第9页-46.PNG,duplicates,duplicates\7_第9页-46__3.PNG
7,D:\LX\tregecy\asset\pdf-素材\（提取图片）7（普通彩印,D:\LX\tregecy\asset\pdf-素材\（提取图片）7（普通彩印\第9页-46.PNG,第9页-46.PNG,第9页-46.PNG,9,46,f97af6c4d0b6bf8cf1a80a212fe61168d1dbe85d597d333c5e6265c09b440518,false,,卡背,卡背\7_第9页-46.PNG
7,D:\LX\tregecy\asset\pdf-素材\（提取图片）7（普通彩印,D:\LX\tregecy\asset\pdf-素材\（提取图片）7（普通彩印\第9页-47(1).PNG,第9页-47(1).PNG,第9页-47.PNG,9,47,eeb2155825c70be8bf9daa418183e39ed6ca9450f99a3b7d00ec38642849e077,true,第9页-47.PNG,duplicates,duplicates\7_第9页-47.PNG
7,D:\LX\tregecy\asset\pdf-素材\（提取图片）7（普通彩印,D:\LX\tregecy\asset\pdf-素材\（提取图片）7（普通彩印\第9页-47(2).PNG,第9页-47(2).PNG,第9页-47.PNG,9,47,eeb2155825c70be8bf9daa418183e39ed6ca9450f99a3b7d00ec38642849e077,true,第9页-47.PNG,duplicates,duplicates\7_第9页-47__2.PNG
7,D:\LX\tregecy\asset\pdf-素材\（提取图片）7（普通彩印,D:\LX\tregecy\asset\pdf-素材\（提取图片）7（普通彩印\第9页-47(3).PNG,第9页-47(3).PNG,第9页-47.PNG,9,47,eeb2155825c70be8bf9daa418183e39ed6ca9450f99a3b7d00ec38642849e077,true,第9页-47.PNG,duplicates,duplicates\7_第9页-47__3.PNG
7,D:\LX\tregecy\asset\pdf-素材\（提取图片）7（普通彩印,D:\LX\tregecy\asset\pdf-素材\（提取图片）7（普通彩印\第9页-47.PNG,第9页-47.PNG,第9页-47.PNG,9,47,eeb2155825c70be8bf9daa418183e39ed6ca9450f99a3b7d00ec38642849e077,false,,卡背,卡背\7_第9页-47.PNG
7,D:\LX\tregecy\asset\pdf-素材\（提取图片）7（普通彩印,D:\LX\tregecy\asset\pdf-素材\（提取图片）7（普通彩印\第9页-48(1).PNG,第9页-48(1).PNG,第9页-48.PNG,9,48,de854c0d9f87ab28bff882db5b5ea792d40d5808a2f20a057864db4efa7047ee,true,第9页-48.PNG,duplicates,duplicates\7_第9页-48.PNG
7,D:\LX\tregecy\asset\pdf-素材\（提取图片）7（普通彩印,D:\LX\tregecy\asset\pdf-素材\（提取图片）7（普通彩印\第9页-48(2).PNG,第9页-48(2).PNG,第9页-48.PNG,9,48,de854c0d9f87ab28bff882db5b5ea792d40d5808a2f20a057864db4efa7047ee,true,第9页-48.PNG,duplicates,duplicates\7_第9页-48__2.PNG
7,D:\LX\tregecy\asset\pdf-素材\（提取图片）7（普通彩印,D:\LX\tregecy\asset\pdf-素材\（提取图片）7（普通彩印\第9页-48(3).PNG,第9页-48(3).PNG,第9页-48.PNG,9,48,de854c0d9f87ab28bff882db5b5ea792d40d5808a2f20a057864db4efa7047ee,true,第9页-48.PNG,duplicates,duplicates\7_第9页-48__3.PNG
7,D:\LX\tregecy\asset\pdf-素材\（提取图片）7（普通彩印,D:\LX\tregecy\asset\pdf-素材\（提取图片）7（普通彩印\第9页-48.PNG,第9页-48.PNG,第9页-48.PNG,9,48,de854c0d9f87ab28bff882db5b5ea792d40d5808a2f20a057864db4efa7047ee,false,,卡背,卡背\7_第9页-48.PNG
7,D:\LX\tregecy\asset\pdf-素材\（提取图片）7（普通彩印,D:\LX\tregecy\asset\pdf-素材\（提取图片）7（普通彩印\第9页-49(1).PNG,第9页-49(1).PNG,第9页-49.PNG,9,49,2ef7c9bfed4c5b7041cfcb9b2abaa1d4e243e9bd4d049f3215f47ccfdcfa30cd,true,第9页-49.PNG,duplicates,duplicates\7_第9页-49.PNG
7,D:\LX\tregecy\asset\pdf-素材\（提取图片）7（普通彩印,D:\LX\tregecy\asset\pdf-素材\（提取图片）7（普通彩印\第9页-49(2).PNG,第9页-49(2).PNG,第9页-49.PNG,9,49,2ef7c9bfed4c5b7041cfcb9b2abaa1d4e243e9bd4d049f3215f47ccfdcfa30cd,true,第9页-49.PNG,duplicates,duplicates\7_第9页-49__2.PNG
7,D:\LX\tregecy\asset\pdf-素材\（提取图片）7（普通彩印,D:\LX\tregecy\asset\pdf-素材\（提取图片）7（普通彩印\第9页-49(3).PNG,第9页-49(3).PNG,第9页-49.PNG,9,49,2ef7c9bfed4c5b7041cfcb9b2abaa1d4e243e9bd4d049f3215f47ccfdcfa30cd,true,第9页-49.PNG,duplicates,duplicates\7_第9页-49__3.PNG
7,D:\LX\tregecy\asset\pdf-素材\（提取图片）7（普通彩印,D:\LX\tregecy\asset\pdf-素材\（提取图片）7（普通彩印\第9页-49.PNG,第9页-49.PNG,第9页-49.PNG,9,49,2ef7c9bfed4c5b7041cfcb9b2abaa1d4e243e9bd4d049f3215f47ccfdcfa30cd,false,,卡背,卡背\7_第9页-49.PNG
7,D:\LX\tregecy\asset\pdf-素材\（提取图片）7（普通彩印,D:\LX\tregecy\asset\pdf-素材\（提取图片）7（普通彩印\第9页-50(1).PNG,第9页-50(1).PNG,第9页-50.PNG,9,50,983e5150c23c5aa300a82a2074288e068a45468a5f65cd2cb7e74607249680a8,true,第9页-50.PNG,duplicates,duplicates\7_第9页-50.PNG
7,D:\LX\tregecy\asset\pdf-素材\（提取图片）7（普通彩印,D:\LX\tregecy\asset\pdf-素材\（提取图片）7（普通彩印\第9页-50(2).PNG,第9页-50(2).PNG,第9页-50.PNG,9,50,983e5150c23c5aa300a82a2074288e068a45468a5f65cd2cb7e74607249680a8,true,第9页-50.PNG,duplicates,duplicates\7_第9页-50__2.PNG
7,D:\LX\tregecy\asset\pdf-素材\（提取图片）7（普通彩印,D:\LX\tregecy\asset\pdf-素材\（提取图片）7（普通彩印\第9页-50(3).PNG,第9页-50(3).PNG,第9页-50.PNG,9,50,983e5150c23c5aa300a82a2074288e068a45468a5f65cd2cb7e74607249680a8,true,第9页-50.PNG,duplicates,duplicates\7_第9页-50__3.PNG
7,D:\LX\tregecy\asset\pdf-素材\（提取图片）7（普通彩印,D:\LX\tregecy\asset\pdf-素材\（提取图片）7（普通彩印\第9页-50.PNG,第9页-50.PNG,第9页-50.PNG,9,50,983e5150c23c5aa300a82a2074288e068a45468a5f65cd2cb7e74607249680a8,false,,卡背,卡背\7_第9页-50.PNG
7,D:\LX\tregecy\asset\pdf-素材\（提取图片）7（普通彩印,D:\LX\tregecy\asset\pdf-素材\（提取图片）7（普通彩印\第9页-51(1).PNG,第9页-51(1).PNG,第9页-51.PNG,9,51,60a622cccc0938d3c08296a534397f4698d931462be3717220f80f0699ff63e2,true,第9页-51.PNG,duplicates,duplicates\7_第9页-51.PNG
7,D:\LX\tregecy\asset\pdf-素材\（提取图片）7（普通彩印,D:\LX\tregecy\asset\pdf-素材\（提取图片）7（普通彩印\第9页-51(2).PNG,第9页-51(2).PNG,第9页-51.PNG,9,51,60a622cccc0938d3c08296a534397f4698d931462be3717220f80f0699ff63e2,true,第9页-51.PNG,duplicates,duplicates\7_第9页-51__2.PNG
7,D:\LX\tregecy\asset\pdf-素材\（提取图片）7（普通彩印,D:\LX\tregecy\asset\pdf-素材\（提取图片）7（普通彩印\第9页-51(3).PNG,第9页-51(3).PNG,第9页-51.PNG,9,51,60a622cccc0938d3c08296a534397f4698d931462be3717220f80f0699ff63e2,true,第9页-51.PNG,duplicates,duplicates\7_第9页-51__3.PNG
7,D:\LX\tregecy\asset\pdf-素材\（提取图片）7（普通彩印,D:\LX\tregecy\asset\pdf-素材\（提取图片）7（普通彩印\第9页-51.PNG,第9页-51.PNG,第9页-51.PNG,9,51,60a622cccc0938d3c08296a534397f4698d931462be3717220f80f0699ff63e2,false,,卡背,卡背\7_第9页-51.PNG
8,D:\LX\tregecy\asset\pdf-素材\（提取图片）8（300g铜版纸,D:\LX\tregecy\asset\pdf-素材\（提取图片）8（300g铜版纸\第1页-1.PNG,第1页-1.PNG,第1页-1.PNG,1,1,5ab12ee0d3087632e864fe5e0811ae8ef7c05250879e2bc5e72b4d5b8c8a92e4,false,,token,token\8_第1页-1.PNG
8,D:\LX\tregecy\asset\pdf-素材\（提取图片）8（300g铜版纸,D:\LX\tregecy\asset\pdf-素材\（提取图片）8（300g铜版纸\第1页-10.PNG,第1页-10.PNG,第1页-10.PNG,1,10,17ea8b04c2d244117572339b1906c7c6f95bcfa8b92174fa66844cfc4993f6d8,false,,token,token\8_第1页-10.PNG
8,D:\LX\tregecy\asset\pdf-素材\（提取图片）8（300g铜版纸,D:\LX\tregecy\asset\pdf-素材\（提取图片）8（300g铜版纸\第1页-11.PNG,第1页-11.PNG,第1页-11.PNG,1,11,0654fb1b2bcf61d053ffcec69c0a832b36d66b26c450521b3d3b71c93af95f70,false,,token,token\8_第1页-11.PNG
8,D:\LX\tregecy\asset\pdf-素材\（提取图片）8（300g铜版纸,D:\LX\tregecy\asset\pdf-素材\（提取图片）8（300g铜版纸\第1页-12.PNG,第1页-12.PNG,第1页-12.PNG,1,12,d144d21b5293fa8bae32598bc3b3980a73043f27e1eb056319660bfb3a45bda1,false,,token,token\8_第1页-12.PNG
8,D:\LX\tregecy\asset\pdf-素材\（提取图片）8（300g铜版纸,D:\LX\tregecy\asset\pdf-素材\（提取图片）8（300g铜版纸\第1页-13.PNG,第1页-13.PNG,第1页-13.PNG,1,13,f37f34cd40abffed6b0e1eca59df9d5209907d21c8e53d13f5a3c8d3d9cee91e,false,,token,token\8_第1页-13.PNG
8,D:\LX\tregecy\asset\pdf-素材\（提取图片）8（300g铜版纸,D:\LX\tregecy\asset\pdf-素材\（提取图片）8（300g铜版纸\第1页-2.PNG,第1页-2.PNG,第1页-2.PNG,1,2,6eeb0834b99f82022d6fba061ed3e2635e604cd6e7eb1084561c2417f1a18849,false,,token,token\8_第1页-2.PNG
8,D:\LX\tregecy\asset\pdf-素材\（提取图片）8（300g铜版纸,D:\LX\tregecy\asset\pdf-素材\（提取图片）8（300g铜版纸\第1页-3.PNG,第1页-3.PNG,第1页-3.PNG,1,3,b8243699e7269ae8e73aaaa13460bff728a97fa0fdf1fe3782eefaf0ccb6c7ba,false,,token,token\8_第1页-3.PNG
8,D:\LX\tregecy\asset\pdf-素材\（提取图片）8（300g铜版纸,D:\LX\tregecy\asset\pdf-素材\（提取图片）8（300g铜版纸\第1页-4.PNG,第1页-4.PNG,第1页-4.PNG,1,4,6e33f98fa09ca79cb224e01f9dbba7003e8907d4a1280cb95bdfec856cb42839,false,,token,token\8_第1页-4.PNG
8,D:\LX\tregecy\asset\pdf-素材\（提取图片）8（300g铜版纸,D:\LX\tregecy\asset\pdf-素材\（提取图片）8（300g铜版纸\第1页-5.PNG,第1页-5.PNG,第1页-5.PNG,1,5,a9b334a160a6e63a98244b1a0d4e0cbbf11414c5c96b634bf79502f1e078f513,false,,token,token\8_第1页-5.PNG
8,D:\LX\tregecy\asset\pdf-素材\（提取图片）8（300g铜版纸,D:\LX\tregecy\asset\pdf-素材\（提取图片）8（300g铜版纸\第1页-6.PNG,第1页-6.PNG,第1页-6.PNG,1,6,ee180f96d4ab04b833147820d73826d3ff323adb5512c3d264dd961fbbb73751,false,,token,token\8_第1页-6.PNG
8,D:\LX\tregecy\asset\pdf-素材\（提取图片）8（300g铜版纸,D:\LX\tregecy\asset\pdf-素材\（提取图片）8（300g铜版纸\第1页-7.PNG,第1页-7.PNG,第1页-7.PNG,1,7,c9cafd74902bc3c37f9d00ff23a604c0696f388776e189e16c9746a7850aee23,false,,token,token\8_第1页-7.PNG
8,D:\LX\tregecy\asset\pdf-素材\（提取图片）8（300g铜版纸,D:\LX\tregecy\asset\pdf-素材\（提取图片）8（300g铜版纸\第1页-8.PNG,第1页-8.PNG,第1页-8.PNG,1,8,162e933612e471efec1b4a49412f5a5517634ab88b84ca70b2dd89eab06a2105,false,,token,token\8_第1页-8.PNG
8,D:\LX\tregecy\asset\pdf-素材\（提取图片）8（300g铜版纸,D:\LX\tregecy\asset\pdf-素材\（提取图片）8（300g铜版纸\第1页-9.PNG,第1页-9.PNG,第1页-9.PNG,1,9,b5041559feb368dabb4e90085fa8182fd7656fe7b646800d7fc6ed6abe11fb8a,false,,token,token\8_第1页-9.PNG
